Movie name,Year of release,Watch  hour ,Rating,Ratedby,Film Industry,Genre,Director,Box office collection,User reviews,Awards,Description,Streaming platform
12th Fail,2023,2 hours 27 minutes,8.9,126K,Bollywood (Hindi),"Drama, Biography",Vidhu Vinod Chopra,"$138,288.00",945,23 wins & 32 nominations,The real-life story of IPS Officer Manoj Kumar Sharma and IRS Officer Shraddha Joshi.,SonyLIV
Gol Maal,1979,2 hours ,8.5,20K,Bollywood (Hindi),Comedy,Hrishikesh Mukherjee, NIL,48,3 wins & 1 nomination,A man's simple lie to secure his job escalates into more complex lies when his orthodox boss gets suspicious.,"Amazon Prime Video, YouTube, Zee5"
Maharaja,2024,2 hours 30 minutes,8.6,37K,Kollywood (Tamil),"Crime, Drama",Nithilan Saminathan,"$975,543.00",370,2 nominations,"A barber seeks vengeance after his home is burglarized, cryptically telling police his ""lakshmi"" has been taken, leaving them uncertain if it's a person or object. His quest to recover the e...  ",Netflix
Nayakan,1987,2 hours 25 minutes,8.7,25K,Kollywood (Tamil),"Crime, Drama",Mani Ratnam,"$120,481.93",237,7 wins & 1 nomination,"A common man's struggles against a corrupt police force put him on the wrong side of the law. He becomes a don, who is loved and respected by many, but his growing power and influence exact ...  ","Amazon Prime Video, YouTube"
The World of Apu,1959,1 hour 45 minutes,8.4,17K,Bengali Cinema,Drama,Satyajit Ray,"$134,241.00",62,4 wins & 2 nominations total,This final installment in Satyajit Ray's Apu Trilogy follows Apu's life as an orphaned adult aspiring to be a writer.,"Amazon Prime Video, Hoichoi"
Anbe Sivam,2003,2 hours 40 minutes,8.6,26K,Kollywood (Tamil),"Drama, Comedy",Sundar C., NIL,115,2 wins & 3 nominations,"Two men, one young and arrogant, the other damaged - physically but not spiritually - by life, are thrown together by circumstances, and find that they are in some ways bound together by fat...  ",Disney+ Hotstar
Pariyerum Perumal,2018,2 hours 34 minutes,8.7,19K,Kollywood (Tamil),"Drama, Social",Mari Selvaraj, NIL,169,11 wins & 5 nominations,"A law student from a lower caste begins a friendship with his classmate, a girl who belongs to a higher caste, and the men in her family start giving him trouble over this.",Amazon Prime Video
3 Idiots,2009,2 hours 50 minutes,8.4,441K,Bollywood (Hindi),"Comedy, Drama",Rajkumar Hirani,"$60,262,836.00",1000,64 wins & 30 nominations,"Two friends are searching for their long lost companion. They revisit their college days and recall the memories of their friend who inspired them to think differently, even as the rest of t...  ","Netflix, Amazon Prime Video"
#Home,2021,2 hours 38 minutes,8.8,16K,Mollywood (Malayalam),"Drama, Family",Rojin Thomas, NIL,541,3 wins & 2 nominations,"Oliver Twist (Indrans) wants to be tech-savvy and become a better companion to his two sons, who spend more time on their phones than with their loved ones.",Amazon Prime Video
Black Friday,2004,2 hours 23 minutes,8.4,22K,Bollywood (Hindi),"Crime, Drama, Thriller",Anurag Kashyap,"$1,610,897.00",88,1 win & 7 nominations,"A film about the investigations following the 1993 serial Bombay bomb blasts, told through the different stories of the people involved --police, conspirators, victims, middlemen.",YouTube
Manichithrathazhu,1993,2 hours 49 minutes,8.7,13K,Mollywood (Malayalam),"Horror, Thriller, Drama",Fazil,"$843,373.49",53,5 wins,"When a forbidden room in an old bungalow is unbolted, the spirit of a vengeful dancer is unleashed.",Disney+ Hotstar
Rocketry: The Nambi Effect,2022,2 hours 37 minutes,8.7,59K,Bollywood (Hindi),"Biography, Drama",Madhavan,"$398,615.00",1100,6 wins & 19 nominations,"The story of Indian Space Research Organization scientist Nambi Narayanan, who was framed for being a spy and arrested in 1994.",Amazon Prime Video
Kumbalangi Nights,2019,2 hours 15 minutes,8.5,19K,Mollywood (Malayalam),"Drama, Family",Madhu C. Narayanan,"$1,312,005.00",194,13 wins & 11 nominations,"The film revolves around four brothers who share a love-hate relationship with each other. Their relationship progresses to another level when Saji, Boney, and Franky decide to help Bobby st...  ",Amazon Prime Video
777 Charlie,2022,2 hours 44 minutes,8.7,41K,Sandalwood (Kannada),"Adventure, Drama",Kiranraj K,"$7,523,995.00",392,3 wins & 6 nominations,Dharma is stuck in a rut with his negative and lonely lifestyle and spends each day in the comfort of his loneliness. A pup named Charlie enters his life and gives him a new perspective towa...  ,"Voot, Amazon Prime Video"
Kireedam,1989,2 hours 4 minutes,8.9,8.8K,Mollywood (Malayalam),"Drama, Family",Sibi Malayil,"$181,001.00",33,1 win,The life of a young man turns upside down when he intervenes in a dispute in order to rescue his father (a cop) from a ruthless local outlaw.,Amazon Prime Video
C/o Kancharapalem,2018,2 hours 32 minutes,8.8,8.2K,Tollywood (Telugu),"Drama, Anthology",Venkatesh Maha, NIL,139,2 wins & 6 nominations,Four unconventional love stories set in the town and including the people of Kancherapalem.,Netflix
Like Stars on Earth,2007,2 hours 42 minutes,8.3,209K,Bollywood (Hindi),"Drama, Family",Aamir Khan,"$21,897,373.00",463,28 wins & 18 nominations,"An eight-year-old boy is thought to be a lazy trouble-maker, until the new art teacher has the patience and compassion to discover the real problem behind his struggles in school.","Netflix, Disney+ Hotstar"
Sandesham,1991,2 hours 18 minutes,9,5.4K,Mollywood (Malayalam),"Political Satire, Comedy",Sathyan Anthikad, NIL,17,2 wins,"A satire on contemporary Kerala politics where brothers turn local leaders of rival parties, leading to distress for their aged and once-proud parents.",Amazon Prime Video
Laapataa Ladies,2023,2 hours 2 minutes,8.4,39K,Bollywood (Hindi),"Drama, Comedy",Kiran Rao,"$108,886.00",319,5 nominations,"The misadventures of two young brides who get lost from the same train. From mistaken identities to laugh-out-aloud escapades, the ensuing chaos guarantees laughter galore and heartwarming m...  ",Yet to be released/Not available
Dangal,2016,2 hours 41 minutes,8.3,215K,Bollywood (Hindi),"Biography, Sports, Drama",Nitesh Tiwari,"$303,723,636.00",497,41 wins & 38 nominations,Former wrestler Mahavir Singh Phogat and his two wrestler daughters struggle towards glory at the Commonwealth Games in the face of societal oppression.,"Netflix, Disney+ Hotstar"
Jersey,2019,2 hours 37 minutes,8.5,23K,Tollywood (Telugu),"Sports, Drama",Gowtam Tinnanuri,"$204,669.00",178,9 wins & 7 nominations,A failed cricketer decides to revive his cricketing career in his late 30's despite everyone being skeptical of his ability to do so.,Netflix
Soorarai Pottru,2020,2 hours 33 minutes,8.7,125K,Kollywood (Tamil),"Drama, Biography",Sudha Kongara,"$1,807,228.92",2100,23 wins & 24 nominations,"Nedumaaran Rajangam ""Maara"" sets out to make the common man fly and in the process takes on the world's most capital intensive industry and several enemies who stand in his way.",Amazon Prime Video
96,2018,2 hours 38 minutes,8.5,38K,Kollywood (Tamil),"Romance, Drama",C. Prem Kumar,"$616,333.00",512,14 wins & 11 nominations,Two high school sweethearts meet at a reunion after 22 years and reminisce about their past.,Amazon Prime Video
Natsamrat,2016,2 hours 46 minutes,8.8,7.3K,Marathi Cinema,"Drama, Tragedy",Mahesh Manjrekar,$633.00,72,2 wins & 5 nominations,"After he retires, an aging theatre actor and his wife begin to feel unwanted by their children.",Zee5
Visaaranai,2015,1 hour 57 minutes,8.4,12K,Kollywood (Tamil),"Crime, Drama, Thriller",Vetrimaaran,"$1,943.00",47,11 wins & 7 nominations,Four labourers are tortured by the police to confess to a theft they have not committed.,Netflix
Drishyam 2,2021,2 hours 32 minutes,8.4,42K,Mollywood (Malayalam),"Thriller, Drama",Jeethu Joseph,"$3,841.00",1000,10 nominations,A gripping tale of an investigation and a family which is threatened by it. Will Georgekutty be able to protect his family this time?,Amazon Prime Video
Kaithi,2019,2 hours 25 minutes,8.4,44K,Kollywood (Tamil),"Action, Thriller",Lokesh Kanagaraj,"$522,938.00",290,15 wins & 8 nominations,"Dilli, an ex-convict, endeavours to meet his daughter for the first time after leaving prison. However, his attempts are interrupted due to a drug raid planned by Inspector Bejoy.",Disney+ Hotstar
Mayabazar,1957,3 hours 12 minutes,9.1,5.9K,Tollywood (Telugu),"Fantasy, Mythological",Kadiri Venkata Reddy, NIL,39,NIL,"Balarama promises Subhadra to get his daughter married to her son. But when the Pandavas loses their kingdom to the Kaurava's, Balarama breaks his promise.","Amazon Prime Video, YouTube"
Nadodikkattu,1987,2 hours 38 minutes,8.8,5.9K,Mollywood (Malayalam),"Satire, Comedy, Thriller",Sathyan Anthikad, NIL,11,NIL,"After losing their jobs in Kerala, Dasan and Vijayan decide to migrate to the Middle East. But they end up in Tamil Nadu where they are mistaken as two CID officers by a group of smugglers.","Amazon Prime Video, YouTube"
Thevar Magan,1992,2 hours 25 minutes,8.7,8.2K,Kollywood (Tamil),"Drama, Family",Bharathan, NIL,26,13 wins,The urbane son of a village chieftain struggles between his personal aspirations and those of his family.,"Amazon Prime Video, YouTube"
Asuran,2019,2 hours 21 minutes,8.4,34K,Kollywood (Tamil),"Drama, Action",Vetrimaaran,"$379,728.00",285,22 wins & 9 nominations,"The teenage son of a farmer from an underprivileged caste kills a rich, upper caste landlord. How the pacifist farmer saves his hot-blooded son is the rest of the story.",Amazon Prime Video
Jai Bhim,2021,2 hours 44 minutes,8.7,219K,Kollywood (Tamil),"Drama, Legal",T.J. Gnanavel, NIL,3300,10 wins & 20 nominations,"When a tribal man is arrested for a case of alleged theft, his wife turns to a human-rights lawyer to help bring justice.",Amazon Prime Video
Thalapathi,1991,2 hours 37 minutes,8.5,13K,Kollywood (Tamil),"Crime, Drama, Action",Mani Ratnam, NIL,28,4 wins,An orphan named Surya raised in a slum befriends a good crime boss named Devaraj and works for him. Their existence is threatened when a new honest district collector arrives.,Amazon Prime Video
Sita Ramam,2022,2 hours 43 minutes,8.5,71K,Tollywood (Telugu),"Romance, Drama",Hanu Raghavapudi,"$2,208,029.00",701,11 wins & 24 nominations,"An orphan soldier, Lieutenant Ram's life changes, after he gets a letter from a girl named Sita. He meets her and love blossoms between them. When he comes back to his camp in Kashmir,After ...  ","Amazon Prime Video, Hotstar"
Drishyam,2013,2 hours 40 minutes,8.3,45K,Mollywood (Malayalam),"Thriller, Drama",Jeethu Joseph,"$13,076,265.00",141,16 wins & 6 nominations,A man goes to extreme lengths to save his family from punishment after the family commits an accidental crime.,Amazon Prime Video
Anniyan,2005,3 hours 1minute,8.3,22K,Kollywood (Tamil),"Action, Psychological Thriller",S. Shankar,"$3,373,493.98",74,18 wins,"Ramanujam, who suffers from multiple personality disorder, works as a lawyer by day and a vigilante at night, using tips from the 'Garuda Purana' as his tools to punish various antisocial el...  ",Amazon Prime Video
Jaane Bhi Do Yaaro,1983,2 hours 12 minutes,8.3,15K,Bollywood (Hindi),"Satire, Comedy",Kundan Shah, NIL,62,2 wins & 3 nominations,"Two photographers, who are employed by a magazine editor to expose the scandalous activities of the rich, come across corruption by a builder and accidentally photograph a murder.",YouTube
Khosla Ka Ghosla!,2006,2 hours 15 minutes,8.2,25K,Bollywood (Hindi),"Comedy, Drama",Dibakar Banerjee,"$40,194.00",54,2 wins & 7 nominations,A Delhi-based retired middle-class man tries half-heartedly to get his land back from a swindling property dealer with the help of his sons and their friends.,Disney+ Hotstar
Aparajito,1956,1 hour 50 minutes,8.2,16K,Bengali Cinema,Drama,Satyajit Ray,"$134,241.00",59,6 wins & 2 nominations total,"Following his father's death, a boy leaves home to study in Calcutta, while his mother must face a life alone.",Amazon Prime Video
Sarpatta Parambarai,2021,2 hours 53 minutes,8.5,26K,Kollywood (Tamil),"Sports, Drama",Pa. Ranjith, NIL,465,10 wins & 18 nominations,"When Sarpatta Parambarai is challenged to a do-or-die match, will Kabilan, a young labourer, put on the gloves himself and lead his clan to victory, or be dissuaded by his disapproving mothe...  ",Amazon Prime Video
Nuvvu Naaku Nachchav,2001,3 hours 4 minutes,8.8,5.7K,Tollywood (Telugu),"Romance, Comedy",Vijay K. Bhaskar, NIL,14,1 win,"Venkateswarlu, aka Venky, comes Hyderabad to his father's friend's house where he meets an engaged girl . Things turn upside down when she expresses her love for him .",Amazon Prime Video
Vada Chennai,2018,2 hours 44 minutes,8.4,20K,Kollywood (Tamil),"Crime, Drama",Vetrimaaran,"$472,865.00",157,9 wins & 8 nominations,A young carrom player in north Chennai becomes a reluctant participant in a war between two warring gangsters.,Hotstar
Thani Oruvan,2015,2 hours 40 minutes,8.4,22K,Kollywood (Tamil),"Thriller, Action",Mohan Raja,"$2,409,638.55",60,17 wins & 10 nominations,"Siddharth Abimanyu, an influential scientist, is involved in various illegal medical practices. Mithran, an efficient IPS officer, decides to expose him.",Disney+ Hotstar
Pather Panchali,1955,2 hours 5 minutes,8.2,39K,Bengali Cinema,Drama,Satyajit Ray,"$135,342.00",204,11 wins & 2 nominations total,"Impoverished priest Harihar Ray, dreaming of a better life for himself and his family, leaves his rural Bengal village in search of work.","Amazon Prime Video, Hoichoi"
Satya,1998,2 hours 50 minutes,8.3,17K,Bollywood (Hindi),"Crime, Drama",Ram Gopal Varma, NIL,77,12 wins & 6 nominations,An innocent man is embroiled in underworld after being falsely charged and sets out to punish the perpetrators who subjected his life to misery.,Amazon Prime Video
Bangalore Days,2014,2 hours 51 minutes,8.3,23K,Mollywood (Malayalam),"Drama, Romance, Comedy",Anjali Menon,"$180,217.00",76,20 wins & 2 nominations,"A fun roller coaster ride about three young people, Aju, Divya and Kuttan who are cousins, reach Bangalore to dream, discover and explore.",Hotstar
Chupke Chupke,1975,2 hours 26 minutes,8.3,13K,Bollywood (Hindi),Comedy,Hrishikesh Mukherjee,"$11,939.76",22,NIL,A newly wedded husband plays a practical joke on his wife's family with full support from his wife and friends.,"Amazon Prime Video, YouTube"
Premam,2015,2 hours 36 minutes,8.3,24K,Mollywood (Malayalam),"Romance, Drama",Alphonse Puthren,"$7,228,915.66",111,25 wins & 5 nominations,A young man has three opportunities to find love. Will the third time be the charm?,Disney+ Hotstar
Agent Sai Srinivasa Athreya,2019,2 hours 28 minutes,8.3,17K,Tollywood (Telugu),"Detective, Comedy, Thriller",Swaroop Rsj,"$4,454.00",178,1 win & 4 nominations,Agent Sai Srinivasa Athreya is an authentic humorous investigative thriller revolving around the adventures of a detective based out of Nellore.,Amazon Prime Video
Devasuram,1993,3 hours 7 minutes,8.7,6.5K,Mollywood (Malayalam),"Drama, Action",I.V. Sasi, NIL,14,2 wins,"Neelakandan squanders away the inheritance left by his father. However, his life turns upside down when his mother reveals a terrible secret on her deathbed that changes the course of his li...  ","Amazon Prime Video, YouTube"
Drishyam,2015,2 hours 43 minutes,8.2,97K,Mollywood (Malayalam),"Thriller, Drama",Nishikant Kamat,"$9,400,000.00",310,2 wins & 8 nominations,"Desperate measures are taken by a man who tries to save his family from the dark side of the law, after they commit an unexpected crime.",Amazon Prime Video
Gangs of Wasseypur,2012,5 hours 21 minutes,8.2,105K,Bollywood (Hindi),"Crime, Drama, Action",Anurag Kashyap,"$4,384,642.00",306,18 wins & 65 nominations,"A clash between Sultan and Shahid Khan leads to the expulsion of Khan from Wasseypur, and ignites a deadly blood feud spanning three generations.",Amazon Prime Video
Raatchasan,2018,2 hours 26 minutes,8.3,52K,Kollywood (Tamil),"Crime, Thriller, Mystery",Ram Kumar, NIL,572,3 wins & 6 nominations,A sub-inspector sets out in pursuit of a mysterious serial killer who targets teen school girls and murders them brutally.,Disney+ Hotstar
Bhaag Milkha Bhaag,2013,3 hours 6 minutes,8.2,73K,Bollywood (Hindi),"Biography, Sports, Drama",Rakeysh Omprakash Mehra,"$17,551,296.00",216,55 wins & 46 nominations,"The truth behind the ascension of Milkha Singh, who was scarred by of the India-Pakistan partition.","Disney+ Hotstar, Amazon Prime Video"
Guide,1965,3 hours 3 minutes,8.3,8.7K,Bollywood (Hindi),"Romance, Drama",Vijay Anand, NIL,62,9 wins & 3 nominations,"When mistaken to be a sage by some villagers, an ex-tour guide reflects on his past and lost love to search for spiritual wisdom to guide the villagers.","Amazon Prime Video, YouTube"
Sardar Udham,2021,2 hours 44 minutes,8.4,48K,Bollywood (Hindi),"Biography, Drama, History",Shoojit Sircar, NIL,952,31 wins & 30 nominations,"A biopic detailing the 2 decades that Punjabi Sikh revolutionary, Udham Singh, spent planning the assassination of the man responsible for the Jallianwala Bagh massacre.",Amazon Prime Video
Mahanati,2018,2 hours 57 minutes,8.4,15K,Tollywood (Telugu),"Biography, Drama",Nag Ashwin,"$279,078.00",108,22 wins & 13 nominations,"Biography of Savitri, an actress from South India movie industry, who ruled the industry for two decades during 50s and 60s.",Amazon Prime Video
Peranbu,2018,2 hours 27 minutes,8.7,17K,Kollywood (Tamil),Drama,Ram,"$3,417.00",425,5 wins & 9 nominations,"A single father tries to raise his daughter, who has cerebral palsy, even as she is beginning to wake up to her sexuality.",Amazon Prime Video
Chithram,1988,2 hours 39 minutes,8.6,6.2K,Mollywood (Malayalam),"Comedy, Drama",Priyadarshan, NIL,14,2 wins,A woman hires a stranger to pose as her husband because she doesn't want her ailing father to know that her fiance broke their engagement.,Amazon Prime Video
Zindagi Na Milegi Dobara,2011,2 hours 35 minutes,8.2,87K,Bollywood (Hindi),"Drama, Romance",Zoya Akhtar,"$5,192,743.00",240,35 wins & 38 nominations,Three friends decide to turn their fantasy vacation into reality after one of their friends gets engaged.,"Netflix, Amazon Prime Video"
Iruvar,1997,2 hours 20 minutes,8.4,7.4K,Kollywood (Tamil),"Drama, Political",Mani Ratnam, NIL,36,3 wins & 1 nomination,A struggling actor and a writer-politician become friends as young men and rise to great heights in cinema and politics respectively. But when both become contenders for the top political po...  ,Amazon Prime Video
Super Deluxe,2019,2 hours 56 minutes,8.2,18K,Kollywood (Tamil),"Drama, Anthology",Thiagarajan Kumararaja,"$273,191.00",224,15 wins & 11 nominations,"An unfaithful newly-wed wife, an estranged father, a priest and an angry son suddenly find themselves in the most unexpected predicaments, each poised to experience their destiny, all on one...  ",Netflix
Andhadhun,2018,2 hours 19 minutes,8.2,104K,Bollywood (Hindi),"Crime, Thriller, Comedy",Sriram Raghavan,"$62,475,342.00",927,35 wins & 43 nominations,"A series of mysterious events change the life of a blind pianist, who must now report a crime that he should technically know nothing of.","Netflix, Disney+ Hotstar"
Mudhalvan,1999,2 hours 49 minutes,8.4,8.6K,Kollywood (Tamil),"Political Thriller, Action",S. Shankar,"$6,024,096.39",14,3 wins & 2 nominations,"A man accepts a challenge to act as the Chief Minister of Tamil Nadu for one day only, and makes such a success of it that soon he is embroiled in political intrigue.",Amazon Prime Video
Shahid,2012,2 hours 9 minutes,8.2,18K,Bollywood (Hindi),"Biography, Legal Drama",Hansal Mehta,"$377,803.00",74,11 wins & 9 nominations,"The account of Human Rights lawyer Shahid Azmi, an ordinary citizen with an extraordinary commitment to justice.",Amazon Prime Video
Kannathil Muthamittal,2002,2 hours 16 minutes,8.3,9.3K,Kollywood (Tamil),"Drama, War, Family",Mani Ratnam, NIL,49,18 wins & 2 nominations,"A little girl is told by her parents that she is adopted. Determined to find her real mother, she begs to be taken to Sri Lanka, where her mother works with a militant group of activists.",Amazon Prime Video
Hera Pheri,2000,2 hours 36 minutes,8.2,73K,Bollywood (Hindi),Comedy,Priyadarshan, NIL,128,8 wins & 6 nominations,"Three unemployed men look for answers to all their money problems - but when their opportunity arrives, will they know what to do with it?","Amazon Prime Video, YouTube"
Thirst,1957,2 hours 26 minutes,8.3,7.4K,South Korean Cinema,"Thriller, Drama, Mystery",Guru Dutt, NIL,62,NIL,"Vijay, a talented but indigent poet, struggles for love and recognition in this selfish world.",Mubi
Munna Bhai M.B.B.S.,2003,2 hours 36 minutes,8.1,89K,Bollywood (Hindi),"Comedy, Drama",Rajkumar Hirani,"$3,137,716.00",104,25 wins & 35 nominations,A gangster sets out to fulfill his father's dream of becoming a doctor.,"Netflix, Amazon Prime Video"
Sairat,2016,2 hours 54 minutes,8.3,15K,Marathi Cinema,"Romance, Drama",Nagraj Manjule, NIL,105,12 wins & 5 nominations,"In interior Maharashtra, a fisherman's son and a local politician's daughter fall in love against the restrictions of caste hierarchy.",Zee5
Swades,2004,3 hours 9 minutes,8.2,99K,Bollywood (Hindi),Drama,Ashutosh Gowariker,"$1,953,889.00",366,18 wins & 26 nominations,A successful Indian scientist returns to an Indian village to take his nanny to America with him and in the process rediscovers his roots.,"Netflix, Amazon Prime Video"
Spadikam,1995,2 hours 30 minutes,8.6,7K,Mollywood (Malayalam),"Action, Drama",Bhadran,"$62,313.00",19,4 wins,A small-town criminal constantly clashes with his strict school headmaster father at the expense of their family lives.,Amazon Prime Video
Chhichhore,2019,2 hours 23 minutes,8.3,65K,Bollywood (Hindi),"Drama, Comedy",Nitesh Tiwari,"$3,311,391.00",736,5 wins & 20 nominations,"A tragic incident forces Anirudh, a middle-aged man, to take a trip down memory lane and reminisce his college days along with his friends, who were labelled as losers.",Disney+ Hotstar
Tumbbad,2018,1 hour 44 minutes,8.2,61K,Bollywood (Hindi),"Horror, Fantasy",Rahi Anil Barve,"$1,691,980.00",910,17 wins & 26 nominations,A mythological story about a goddess who created the entire universe. The plot revolves around the consequences when humans build a temple for her first-born.,Amazon Prime Video
Papanasam,2015,2 hours 59 minutes,8.4,8.7K,Mollywood (Malayalam),"Thriller, Drama",Jeethu Joseph,"$586,973.00",20,1 win & 8 nominations,Desperate measures are taken by a man who tries to save his family from the dark side of the law after they commit an unexpected crime.,Disney+ Hotstar
Vikram Vedha,2017,2 hours 27 minutes,8.2,51K,Kollywood (Tamil),"Action, Crime, Thriller",Gayatri,"$546,792.00",208,12 wins & 13 nominations,"Vikram, a no-nonsense police officer, accompanied by Simon, his partner, is on the hunt to capture Vedha, a smuggler and a murderer. Vedha tries to change Vikram's life, which leads to a con...  ",Disney+ Hotstar
Manjummel Boys,2024,2 hours 15 minutes,8.3,20K,Mollywood (Malayalam),"Comedy, Drama",Chidambaram,"$3,784,106.00",124,NIL,"A group of friends get into a daring rescue mission to save their friend from Guna Caves, a perilously deep pit from where nobody has ever been brought back.",Not available on major streaming platforms
Paan Singh Tomar,2012,2 hours 15 minutes,8.2,38K,Bollywood (Hindi),"Biography, Sports, Drama",Tigmanshu Dhulia,"$40,311.00",101,12 wins & 17 nominations,"The story of Paan Singh Tomar, an Indian athlete and seven-time national steeplechase champion who becomes one of the most feared dacoits in Chambal Valley after his retirement.",Netflix
Jo Jeeta Wohi Sikandar,1992,2 hours 54 minutes,8.1,24K,Bollywood (Hindi),"Sports, Drama, Romance",Mansoor Khan, NIL,42,2 wins & 5 nominations,"A rich brat and a poor chap try to woo a girl, with their rivalry culminating in the most prestigious college event - the marathon cycle race.",Amazon Prime Video
Mandela,2021,2 hours 20 minutes,8.4,8.6K,Kollywood (Tamil),"Satire, Comedy, Drama",Madonne Ashwin,"$602,409.64",141,5 wins & 6 nominations,A local barber's fate turns overnight when he becomes the single deciding vote in the village elections.,Netflix
Chak De! India,2007,2 hours 33 minutes,8.1,86K,Bollywood (Hindi),"Sports, Drama",Shimit Amin,"$21,505,244.00",148,32 wins & 24 nominations,"Kabir Khan, the coach of the Indian Women's National Hockey Team, dreams of making his all-girls team emerge victorious against all odds.","Amazon Prime Video, Disney+ Hotstar"
Black,2005,2 hours 2 minutes,8.1,36K,Bollywood (Hindi),Drama,Sanjay Leela Bhansali,"$1,266,341.00",184,57 wins & 9 nominations,"Michelle, a disabled girl who can't see, hear, or speak, suffering in a world that has given up on her. But when the teacher Debraj enters her life, he becomes a ray of hope that she might p...  ",Amazon Prime Video
Aruvi,2016,2 hours 10 minutes,8.4,14K,Kollywood (Tamil),"Drama, Satire",Arun Prabhu Purushothaman,"$400,000.00",121,6 wins & 10 nominations,A gentle girl born and brought up amidst the ever growing eco-social-consumeristic environment finds it difficult to fit in the society. She decides to take it hard on the people. What she d...  ,Amazon Prime Video
Aaranya Kaandam,2010,2 hours 6 minutes,8.5,5.5K,Kollywood (Tamil),"Neo-noir, Thriller",Thiagarajan Kumararaja,"$843,373.49",25,3 wins & 6 nominations,A mob boss must deal with a disgruntled mistress and a vanishing bag of cocaine.,Amazon Prime Video
PK,2014,2 hours 33 minutes,8.1,204K,Bollywood (Hindi),"Comedy, Satire",Rajkumar Hirani,"$100,370,104.00",695,21 wins & 26 nominations,An alien on Earth loses the only device he can use to communicate with his spaceship. His innocent nature and child-like questions force the country to evaluate the impact of religious views...  ,"Netflix, Amazon Prime Video"
Pudhu Pettai,2006,2 hours 48 minutes,8.4,8.1K,Kollywood (Tamil),"Crime, Drama",K. Selvaraghavan,"$4,652.00",37,1 win,"After running away from his home, Kumar falls in with a gang and slowly rises through the ranks of the criminal underworld.",Amazon Prime Video
Lagaan: Once Upon a Time in India,2001,3 hours 44 minutes,8.1,122K,Bollywood (Hindi),"Sports, Drama, Period Film",Ashutosh Gowariker,"$1,724,806.00",322,54 wins & 21 nominations total,The people of a small village in Victorian India stake their future on a game of cricket against their ruthless British rulers.,"Netflix, Amazon Prime Video"
Jana Gana Mana,2022,2 hours 42 minutes,8.3,18K,Mollywood (Malayalam),"Drama, Thriller",Dijo Jose Antony,"$3,135,150.00",214,6 nominations,"As a college professor's brutal murder sparks student unrest, a cop launches an investigation while a lawyer seeks justice in the the courtroom.",Netflix
Vikram,2022,2 hours 55 minutes,8.3,76K,Kollywood (Tamil),"Action, Thriller",Lokesh Kanagaraj,"$29,837,637.00",696,6 wins & 11 nominations,"A special investigator discovers a case of serial killings is not what it seems to be, and leading down this path is only going to end in a war between everyone involved.",Disney+ Hotstar
Sarfarosh,1999,2 hours 54 minutes,8.1,27K,Bollywood (Hindi),"Action, Thriller, Drama",John Mathew Matthan,"$288,733.00",33,8 wins & 15 nominations,"After his brother is killed and father severely injured by terrorists, a young med student quits his studies to join the Indian Police Service to wipe out the terrorists.",Amazon Prime Video
Jigarthanda,2014,2 hours 51 minutes,8.2,14K,Kollywood (Tamil),"Crime, Drama, Comedy",Karthik Subbaraj,"$24,274.00",45,7 wins & 6 nominations,An aspiring director targets a ruthless gangster because he wants to make a violent gangster film. His discreet attempts to research the gangster fail miserably. Finally when he gets caught ...  ,Amazon Prime Video
Talvar,2015,2 hours 12 minutes,8.1,39K,Bollywood (Hindi),"Crime, Thriller, Mystery",Meghna Gulzar,"$6,879,098.00",115,11 wins & 34 nominations,An experienced investigator confronts several conflicting theories about the perpetrators of a violent double homicide.,Disney+ Hotstar
Angoor,1982,2 hours 11 minutes,8.3,5.9K,Bollywood (Hindi),Comedy,Gulzar, NIL,24,1 win & 1 nomination,"Based on Shakespeare's 'A Comedy of Errors', this is a story of identical twins (2 pairs) and mistaken identities.",Amazon Prime Video
Drishyam 2,2022,2 hours 20 minutes,8.2,46K,Mollywood (Malayalam),"Thriller, Drama",Abhishek Pathak,"$2,973,347.00",179,7 wins & 29 nominations,A gripping tale of an investigation and a family which is threatened by it. Will Vijay Salgaonkar be able to protect his family this time?,Amazon Prime Video
The Crow's Egg,2014,1 hour 49 minutes,8.3,7.8K,Kollywood (Tamil),"Drama, Comedy",M. Manikandan,"$246,551.00",32,10 wins & 8 nominations,Two slum kids yearn to taste a pizza after being enticed by the pizza shop that has opened near their locality. What happens when they manage to find the money to buy one?,Disney+ Hotstar
Sholay,1975,2 hours 42 minutes,8.1,59K,Bollywood (Hindi),"Action, Drama, Western",Ramesh Sippy, NIL,191,5 wins & 5 nominations,"After his family is murdered by a notorious and ruthless bandit, a former police officer enlists the services of two outlaws to capture the bandit.",Amazon Prime Video
Soodhu Kavvum,2013,2 hours 15 minutes,8.3,12K,Kollywood (Tamil),"Crime, Comedy",Nalan Kumarasamy,"$843,373.49",29,4 wins & 4 nominations,"Das, with his team, kidnap Arumai, son of a politician, who has been planning his own kidnapping to extract money from his father. Problems arise, when an insane cop is brought to handle the...  ",Disney+ Hotstar
Barfi!,2012,2 hours 31 minutes,8.1,88K,Bollywood (Hindi),"Romance, Comedy, Drama",Anurag Basu,"$4,490,134.00",278,68 wins & 40 nominations,Three young people learn that love can neither be defined nor contained by society's definition of normal and abnormal.,Netflix
Uri: The Surgical Strike,2019,2 hours 18 minutes,8.2,73K,Bollywood (Hindi),"War, Action, Drama",Aditya Dhar,"$39,346,577.00",1000,20 wins & 27 nominations,"Indian army special forces execute a covert operation, avenging the killing of fellow army men at their base by a terrorist group.",Zee5
Virumandi,2004,2 hours 55 minutes,8.4,8K,Kollywood (Tamil),"Action, Drama, Thriller",Kamal Haasan,"$5,746,385.54",39,1 win,A temperamental farmer gets embroiled in a bloody clan feud in a southern Tamil Nadu village.,Amazon Prime Video
Udaan,2010,2 hours 14 minutes,8.1,48K,Bollywood (Hindi),"Coming-of-Age, Drama",Vikramaditya Motwane,"$434,862.00",123,23 wins & 22 nominations,"Expelled from his school, a 16-year old boy returns home to his abusive and oppressive father.","Netflix, Amazon Prime Video"
The Legend of Bhagat Singh,2002,2 hours 35 minutes,8.1,17K,Bollywood (Hindi),"Biography, Historical Drama",Rajkumar Santoshi, NIL,58,15 wins & 11 nominations,The story of a young revolutionary who raised an armed resistance against the British rule in India.,Disney+ Hotstar
Dhuruvangal Pathinaaru,2016,1 hour 45 minutes,8.2,17K,Kollywood (Tamil),"Thriller, Mystery",Karthick Naren, NIL,92,1 nomination,"A police officer retires after an accident during a case investigation. Years later, he is forced to relive the past as he narrates the story to his friend's son.",Netflix
Article 15,2019,2 hours 10 minutes,8.1,37K,Bollywood (Hindi),"Crime, Drama, Social",Anubhav Sinha,"$734,514.00",371,22 wins & 36 nominations,"In the rural heartlands of India, an upright police officer sets out on a crusade against violent caste-based crimes and discrimination.",Netflix
OMG: Oh My God!,2012,2 hours 5 minutes,8.1,66K,Bollywood (Hindi),"Satire, Comedy, Drama",Umesh Shukla,"$12,140,087.00",157,6 wins & 15 nominations,A shopkeeper takes God to court when his shop is destroyed by an earthquake.,"Netflix, Amazon Prime Video"
Maheshinte Prathikaaram,2016,2 hours ,8.3,11K,Mollywood (Malayalam),"Comedy, Drama",Dileesh Pothan,"$22,361.00",35,14 wins & 1 nomination,"Mahesh, a studio photographer and studio owner gets into a fight and loses. He ends up taking revenge which leads to certain realizations in his life.",Disney+ Hotstar
2018,2023,2 hours 30 minutes,8.3,13K,Mollywood (Malayalam),"Drama, Thriller",Jude Anthany Joseph,"$4,547,765.00",98,3 wins & 9 nominations,A disaster film set during the 2018 Kerala Floods where people from all walks of life faced catastrophic consequences and put in collective efforts to survive the calamity.,SonyLIV
Lion,2016,1 hour 58 minutes,8,253K,Hollywood (English),"Biography, Drama",Garth Davis,"$140,853,810.00",654,59 wins & 110 nominations total,"A five-year-old Indian boy is adopted by an Australian couple after getting lost hundreds of kilometers from home. 25 years later, he sets out to find his lost family.",Netflix
Ustad Hotel,2012,2 hours 31 minutes,8.2,17K,Mollywood (Malayalam),"Drama, Romance",Anwar Rasheed,"$2,178.00",53,7 wins & 1 nomination,"Faisi wants to go to UK to become a professional chef but circumstances force him to assist his grandfather in a small restaurant in Kozhikode city, changing his outlook on life forever.",Disney+ Hotstar
Theeran Adhigaram Ondru,2017,2 hours 37 minutes,8.2,17K,Kollywood (Tamil),"Action, Crime, Thriller",H. Vinoth,"$238,484.00",67,3 wins & 8 nominations,"Theeran, a police officer, is entrusted with the task to solve the mystery behind a series of murders. The only clue left behind is that all the murders are committed in the same pattern.",Amazon Prime Video
Queen,2013,2 hours 26 minutes,8.1,69K,Bollywood (Hindi),"Drama, Comedy",Vikas Bahl,"$502,391.00",234,28 wins & 31 nominations,A Delhi girl from a traditional family sets out on a solo honeymoon after her marriage gets cancelled.,"Netflix, Disney+ Hotstar"
Kahaani,2012,2 hours 2 minutes,8.1,66K,Bollywood (Hindi),"Thriller, Drama, Mystery",Sujoy Ghosh,"$459,234.00",214,27 wins & 29 nominations,"A pregnant woman's search for her missing husband takes her from London to Kolkata, but everyone she questions denies having ever met him.",Netflix
Masaan,2015,1 hour 49 minutes,8.1,32K,Bollywood (Hindi),Drama,Neeraj Ghaywan,"$651,748.00",128,25 wins & 29 nominations,"Along India's Ganges River, four people face prejudice, a strict moral code and a punishing caste system as they confront personal tragedies.",Netflix
Baasha,1995,2 hours 25 minutes,8.3,12K,Kollywood (Tamil),"Action, Drama",Suresh Krishna,"$3,012,048.19",28,1 win & 1 nomination,"An auto driver, Manikam, desperately tries to hide his dark underworld side to keep his promise to his father.",Amazon Prime Video
Lage Raho Munna Bhai,2006,2 hours 24 minutes,8,51K,Bollywood (Hindi),"Comedy, Drama",Rajkumar Hirani,"$17,897,527.00",124,29 wins & 30 nominations,Munna Bhai embarks on a journey with Mahatma Gandhi in order to fight against a corrupt property dealer.,"Netflix, Amazon Prime Video"
Pithamagan,2003,2 hours 19 minutes,8.3,7.6K,Kollywood (Tamil),"Drama, Action",Bala,"$963,855.42",19,10 wins & 1 nomination,"Chittan, a social outcast, has grown up in a cemetery. A drug dealer finds him a job in a cannabis farm. In prison, he meets a conman, Shakti. This friendship transforms him from his stony e...  ",Amazon Prime Video
Iqbal,2005,2 hours 12 minutes,8.1,18K,Bollywood (Hindi),"Sports, Drama",Nagesh Kukunoor, NIL,29,11 wins & 17 nominations,"Iqbal, the deaf and mute son of a farmer, has a passion for the game of cricket and seeks the tutelage of a washed-up, alcoholic ex-player.",Amazon Prime Video
Rang De Basanti,2006,2 hours 47 minutes,8.1,123K,Bollywood (Hindi),"Drama, Historical, Social",Rakeysh Omprakash Mehra,"$10,800,778.00",404,49 wins & 53 nominations total,"The story of six young Indians who assist an English woman to film a documentary on the freedom fighters from their past, and the events that lead them to relive the long-forgotten saga of f...  ","Netflix, Amazon Prime Video"
Dil Chahta Hai,2001,3 hours 3 minutes,8.1,76K,Bollywood (Hindi),"Drama, Comedy, Romance",Farhan Akhtar,"$316,221.00",138,28 wins & 40 nominations,"Three inseparable childhood friends are just out of college. Nothing comes between them - until they each fall in love, and their wildly different approaches to relationships creates tension...  ",Netflix
Nil Battey Sannata,2015,1 hour 40 minutes,8.2,8.2K,Bollywood (Hindi),Drama,Ashwiny Iyer Tiwari, NIL,55,7 wins & 17 nominations,A story about a single woman (a Mom) and dreams on her Daughter.,Amazon Prime Video
Charulata,1964,1 hour 57 minutes,8.1,7.3K,Bengali Cinema,"Drama, Romance",Satyajit Ray, NIL,43,8 wins & 2 nominations,"The lonely wife of a newspaper editor falls in love with her visiting cousin-in-law, who shares her love for literature.",Amazon Prime Video
A Wednesday,2008,1 hour 44 minutes,8.1,83K,Bollywood (Hindi),"Thriller, Drama",Neeraj Pandey,"$3,256,911.00",168,11 wins & 19 nominations,A retiring police officer reminisces about the most astounding day of his career. About a case that was never filed but continues to haunt him in his memories - the case of a man and a Wedne...  ,Netflix
Baahubali 2: The Conclusion,2017,2 hours 47 minutes,8.2,117K,Tollywood (Telugu),"Action, Fantasy, Drama",S.S. Rajamouli,"$254,158,390.00",583,29 wins & 16 nominations,"Amarendra Baahubali, the heir apparent to the throne of Mahishmati, finds his life and relationships endangered as his adoptive brother Bhallaladeva conspires to claim the throne.","Netflix, Amazon Prime Video"
Bajrangi Bhaijaan,2015,2 hours 43 minutes,8.1,99K,Bollywood (Hindi),"Drama, Comedy, Family",Kabir Khan,"$121,126,188.00",435,34 wins & 28 nominations,An Indian man with a magnanimous heart takes a young mute Pakistani girl back to her homeland to reunite her with her family.,Disney+ Hotstar
Alai Payuthey,2000,2 hours 36 minutes,8.3,7.5K,Kollywood (Tamil),"Romance, Drama",Mani Ratnam,"$4,216,867.47",28,4 wins,"After a difficult romance in a class-divided society, the love birds find out marriage is not what they thought it would be.",Amazon Prime Video
Roja,1992,2 hours 17 minutes,8.1,14K,Kollywood (Tamil),"Romance, Drama",Mani Ratnam, NIL,23,11 wins & 3 nominations,"A woman from a village in Tamil Nadu marries a sophisticated city dweller and moves with him to Kashmir, where all is rosy - until he gets kidnapped by militants.",Amazon Prime Video
Pink,2016,2 hours 16 minutes,8.1,49K,Bollywood (Hindi),"Drama, Legal",Aniruddha Roy Chowdhury,"$180,180.00",236,21 wins & 39 nominations,"When three young women are implicated in a crime, a retired lawyer steps forward to help them clear their names.","Disney+ Hotstar, Netflix"
Bommarillu,2006,2 hours 50 minutes,8.2,10K,Tollywood (Telugu),"Romance, Family",Bommarillu Baskar, NIL,25,5 wins & 7 nominations,A young man realizes that he has to push back against his domineering father if he wants to find true happiness and love.,Amazon Prime Video
Anand,1971,2 hours 2 minutes,8.1,36K,Tollywood (Telugu),"Romance, Drama",Hrishikesh Mukherjee,"$36,144.58",152,9 wins & 1 nomination,"The story of a terminally ill man who wishes to live life to the fullest before the inevitable occurs, as told by his best friend.",Amazon Prime Video
Omkara,2006,2 hours 35 minutes,8,22K,Bollywood (Hindi),"Crime, Drama, Adaptation",Vishal Bhardwaj,"$16,466,144.00",94,30 wins & 31 nominations,A politically-minded enforcer's misguided trust in his lieutenant leads him to suspect his wife of infidelity in this adaptation of Shakespeare's 'Othello'.,"Amazon Prime Video, Disney+ Hotstar"
Bombay,1995,2 hours 10 minutes,8.1,14K,Kollywood (Tamil),"Romance, Drama, Historical",Mani Ratnam, NIL,39,13 wins & 1 nomination,"A Hindu man and a Muslim woman fall in love in a small village and move to Mumbai, where they have two children. However, growing religious tensions and erupting riots threaten to tear the f...  ",Amazon Prime Video
A Northern Story of Valor,1989,2 hours 48 minutes,8.7,6.4K,Kollywood (Tamil),"Drama, Action",T. Hariharan,"$118,072.29",45,6 wins,The film offers an alternative version of the fight between two legendary Chekavars from Chanthu's perspective.,Amazon Prime Video
Kaun Pravin Tambe?,2022,2 hours 14 minutes,8.3,11K,Bollywood (Hindi),"Biography, Sports, Drama",Jayprad Desai, NIL,240,4 nominations,An indian cricketer who shows persistence and hardwork to achieve his ultimate goal of playing a Ranji Trophy. At the penultimate stage of the career at a age when it is believed people's ca...  ,Disney+ Hotstar
Section 375,2019,2 hours 4 minutes,8.1,18K,Bollywood (Hindi),"Legal, Drama, Thriller",Ajay Bahl,"$129,916.00",234,7 nominations,"A celebrated Bollywood director Rohan Khurana stands accused by a female member of his crew, Anjali Dangle of having raped her at his residence.",Amazon Prime Video
Indian,1996,3 hours 5 minutes,8.1,15K,Kollywood (Tamil),"Action, Drama, Vigilante",S. Shankar,$184.00,27,9 wins,A veteran freedom fighter enraged with the rising crime and corruption in the society murders all the wrong doers one by one using an ancient martial arts technique.,Amazon Prime Video
Viduthalai: Part 1,2023,2 hours 30 minutes,8.3,9K,Kollywood (Tamil),"Crime, Drama, Thriller",Vetrimaaran,"$5,880.00",73,1 win & 9 nominations,A police officer is recruited to capture the leader of a separatist group.,Zee5
Padaiyappa,1999,3 hours 1minute,8.2,8K,Kollywood (Tamil),"Drama, Family",K.S. Ravikumar,"$5,301,204.82",10,5 wins & 1 nomination,"The death of Padaiyappa's father destroys his family. But his luck changes, and he is able to lead a prosperous life, until his nemesis plots to ruin his happiness once more.",Amazon Prime Video
Lucia,2013,2 hours 15 minutes,8.3,13K,Sandalwood (Kannada),Psychological Thriller,Pawan Kumar,"$61,445.78",129,4 wins & 3 nominations,"A man suffering from insomnia is tricked into buying a drug, Lucia, that makes his desires come true in his dreams, blurring the line between fantasy and reality.",Amazon Prime Video
Mughal-E-Azam,1960,3 hours 17 minutes,8.1,8.9K,Bollywood (Hindi),"Historical, Romance",K. Asif,"$161,434.00",46,3 wins & 3 nominations,A 16th century prince falls in love with a court dancer and battles with his emperor father.,Amazon Prime Video
Dilwale Dulhania Le Jayenge,1995,3 hours 1minute,8,78K,Bollywood (Hindi),"Romance, Drama",Aditya Chopra,"$75,690.00",183,15 wins & 4 nominations,"When Raj meets Simran in Europe, it isn't love at first sight but when Simran moves to India for an arranged marriage, love makes its presence felt.",Amazon Prime Video
Maqbool,2003,2 hours 12 minutes,8,12K,Bollywood (Hindi),"Crime, Drama, Adaptation",Vishal Bhardwaj, NIL,46,10 wins & 19 nominations,The intrigue of the Shakespearean tragedy 'Macbeth' is transposed to the Mumbai underworld.,Amazon Prime Video
The Great Indian Kitchen,2021,1 hour 40 minutes,8.1,10K,Mollywood (Malayalam),"Drama, Social",Jeo Baby, NIL,267,9 wins & 10 nominations,"After marriage, a woman struggles to be the submissive wife that her husband and his family expect her to be. The story follows her journey, as she changes herself and, even more so, changes...  ",Amazon Prime Video
Special 26,2013,2 hours 24 minutes,8,60K,Bollywood (Hindi),"Crime, Drama, Thriller",Neeraj Pandey,"$647,074.00",148,13 nominations,A gang of con-men rob prominent rich businessmen and politicians by posing as C.B.I and income tax officers.,Netflix
Thadam,2019,2 hours 18 minutes,8.1,9K,Kollywood (Tamil),"Crime, Thriller, Mystery",Magizh Thirumeni,"$96,878.00",93,1 nomination,The murder of a youngster creates confusion among cops when they discover the suspect has a lookalike.,Amazon Prime Video
Vaaranam Aayiram,2008,2 hours 49 minutes,8.2,15K,Kollywood (Tamil),"Romance, Drama",Gautham Vasudev Menon,"$921,007.00",59,22 wins & 18 nominations,"A father and son help each other through growing up, romance, tragedy, and adventure.",Amazon Prime Video
Chithha,2023,2 hours 20 minutes,8.2,7.7K,Kollywood (Tamil),"Drama, Family",S.U. Arun Kumar,"$7,664.00",52,7 wins & 6 nominations,"A man is raising his niece like his own daughter, and everything appears normal in their life until the little girl goes missing.",Not available on major streaming platforms
Gulaal,2009,2 hours 20 minutes,8,16K,Bollywood (Hindi),"Political Drama, Thriller",Anurag Kashyap,"$2,364,294.00",71,1 win & 7 nominations,"A law student witnesses deception, homicide, and crime after being elected as General Secretary of his college.",Amazon Prime Video
Shershaah,2021,2 hours 15 minutes,8.3,131K,Bollywood (Hindi),"Biography, War, Drama",Vishnuvardhan, NIL,3000,50 wins & 47 nominations,"Shershaah is the story of PVC awardee Indian soldier Capt. Vikram Batra, whose bravery and unflinching courage in chasing the Pakistani soldiers out of Indian territory contributed immensely...  ",Amazon Prime Video
Haider,2014,2 hours 40 minutes,8,58K,Bollywood (Hindi),"Crime, Drama, Adaptation",Vishal Bhardwaj,"$1,404,307.00",285,35 wins & 47 nominations,"A young man returns to Kashmir after his father's disappearance to confront his uncle, whom he suspects of playing a role in his father's fate.","Netflix, Zee5"
Pelli Choopulu,2016,2 hours 5 minutes,8.2,8.5K,Tollywood (Telugu),"Romance, Comedy, Drama",Tharun Bhascker Dhaassyam,"$90,361.45",25,9 wins & 8 nominations,A wannabe businesswoman and a happy-go-lucky guy meet each other during an arranged marriage blind date but eventually team up to start a food truck on their own.,Amazon Prime Video
Rangasthalam,2018,2 hours 50 minutes,8.2,28K,Tollywood (Telugu),"Action, Drama, Period Film",Sukumar,"$551,820.00",195,21 wins & 11 nominations,Chitti Babu begins to suspect his elder brother's life is in danger after they team up to lock horns with their village president and overthrow his unlawful 30 year old regime.,Disney+ Hotstar
Andaz Apna Apna,1994,2 hours 40 minutes,8,56K,Bollywood (Hindi),Comedy,Rajkumar Santoshi, NIL,138,4 nominations,Two slackers competing for the affections of an heiress inadvertently become her protectors from an evil criminal.,"Amazon Prime Video, YouTube"
Hi Nanna,2023,2 hours 35 minutes,8.2,17K,Tollywood (Telugu),"Drama, Family",S hour yuv,"$210,780.00",161,6 wins & 14 nominations,A single father begins to narrate the story of the missing mother to his child and nothing remains the same.,Netflix
Vaastav: The Reality,1999,2 hours 25 minutes,8,15K,Bollywood (Hindi),"Crime, Drama",Mahesh Manjrekar,"$81,367.00",26,6 wins & 9 nominations,Consequences force an innocent man to get involved in crime after making an error.,Amazon Prime Video
Padosan,1968,2 hours 37 minutes,8.1,7.6K,Bollywood (Hindi),"Comedy, Romance",Jyoti Swaroop, NIL,28,NIL,A simple man from a village falls in love with his new neighbor. He enlists the help of his musical-theater friends to woo the lovely girl-next-door away from her music teacher.,"Amazon Prime Video, YouTube"
Aadukalam,2011,2 hours 40 minutes,8.1,7.3K,Kollywood (Tamil),"Drama, Action",Vetrimaaran,"$4,997.00",19,25 wins & 13 nominations,Falling in love with Irene as well as refusing to obey his boss Pettaikaran in a rooster fight complicates Karuppu's life.,Disney+ Hotstar
K.G.F: Chapter 1,2018,2 hours 34 minutes,8.2,100K,Sandalwood (Kannada),"Action, Drama",Prashanth Neel,"$6,421,597.00",1300,12 wins & 3 nominations,"In the 1970s, a gangster named Rocky goes undercover as a slave to assassinate the owner of a notorious gold mine known as the Kolar Gold Fields.",Amazon Prime Video
Naduvula Konjam Pakkatha Kaanom,2012,2 hours 35 minutes,8.2,6.4K,Kollywood (Tamil),"Comedy, Drama",Balaji Tharaneetharan,"$96,385.54",18,2 wins & 3 nominations,"A young man forgets a few years of his life, even as he is about to get married.",Amazon Prime Video
Sirf Ek Bandaa Kaafi Hai,2023,2 hours 12 minutes,8,29K,Bollywood (Hindi),"Legal, Drama",Apoorv Singh Karki,$327.00,371,17 wins & 18 nominations,A common man with honesty and integrity can take on the system when he has truth on his side.,Zee5
Company,2002,2 hours 22 minutes,8,16K,Bollywood (Hindi),"Crime, Thriller",Ram Gopal Varma,"$843,373.49",47,22 wins & 17 nominations,"A small-time gangster named Chandu teams up with Malik, a low-level enforcer for a criminal syndicate. Together they eliminate all their enemies, becoming the most feared gangsters in Mumbai...  ",Disney+ Hotstar
Deewaar,1975,2 hours 54 minutes,8,12K,Bollywood (Hindi),"Drama, Action, Crime",Yash Chopra,"$65,317.00",38,7 wins & 2 nominations,"Vijay struggles as a dockworker and eventually becomes a leading figure of the underworld, while his younger brother Ravi is an educated, upright policeman. This divide causes problems in th...  ","Amazon Prime Video, YouTube"
Maanagaram,2017,2 hours 17 minutes,8.1,8.1K,Kollywood (Tamil),"Thriller, Drama",Lokesh Kanagaraj,"$1,204,819.28",33,1 nomination,Four youngsters arrive in a big city and their lives become interlinked.,Amazon Prime Video
Athadu,2005,2 hours 52 minutes,8.2,15K,Tollywood (Telugu),"Action, Thriller",Trivikram Srinivas, NIL,36,4 wins & 8 nominations,"A gunman for hire is framed for murder, and assumes a dead man's identity while hiding from the police.",Amazon Prime Video
Ugly,2013,2 hours 8 minutes,7.9,24K,Bollywood (Hindi),"Crime, Thriller, Drama",Anurag Kashyap,"$1,475,000.00",134,3 wins & 17 nominations,The case of a missing girl takes us through a journey of human greed and brushes upon the egos and repressed emotions of the characters.,Disney+ Hotstar
Maanaadu,2021,2 hours 27 minutes,8.2,26K,Kollywood (Tamil),"Sci-Fi, Thriller",Venkat Prabhu,"$565,759.00",288,2 wins & 7 nominations,"On the day of a public conference by the state's Chief Minister, his bodyguard and a police officer are stuck in a time loop.",SonyLIV
Nayattu,2021,2 hours 4 minutes,8.1,9.1K,Mollywood (Malayalam),"Thriller, Political Drama",Martin Prakkat,"$185,586.00",164,2 wins & 6 nominations,"Three police officers who are on a run for life, escaping the outbreak against them due to the unlawful arrest and torture of a civilian. It brings in a few shades of arrogant yet very much ...  ",Netflix
Badhaai Ho,2018,2 hours 4 minutes,7.9,38K,Bollywood (Hindi),"Comedy, Drama",Amit Ravindernath Sharma,"$26,125,610.00",258,27 wins & 38 nominations,A man is embarrassed when he finds out his mother is pregnant.,Disney+ Hotstar
Saptha Sagaradaache Ello - Side A,2023,2 hours 22 minutes,8.2,7.7K,Sandalwood (Kannada),"Drama, Romance",Hemanth M. Rao,"$37,253.00",88,6 wins & 9 nominations,"Manu and Priya hail from a middle-class background and fall in love. When circumstances land Manu in jail, his relationship with Priya is put in jeopardy.",Amazon Prime Video
Evaru,2019,1 hour 58 minutes,8.1,7.5K,Tollywood (Telugu),"Thriller, Mystery",Venkat Ramji,"$62,744.00",95,1 win & 2 nominations,Sub-inspector Vikram Vasudev is entrusted with the task of investigating the murder of a high ranking officer who was killed by his alleged rape victim. When he delves deeper into the case h...  ,Amazon Prime Video
Kshanam,2016,1 hour 50 minutes,8.2,6.1K,Tollywood (Telugu),"Thriller, Mystery",Ravikanth Perepu,"$132,530.12",22,3 wins & 6 nominations,"Rishi, a non-resident Indian, returns to India to help his ex-lover find her kidnapped daughter.",Disney+ Hotstar
Gully Boy,2019,2 hours 34 minutes,7.9,44K,Bollywood (Hindi),"Drama, Musical",Zoya Akhtar,"$28,299,498.00",493,76 wins & 67 nominations,A coming-of-age story based on the lives of street rappers in Mumbai.,"Amazon Prime Video, Zee5"
Ayyappanum Koshiyum,2020,2 hours 57 minutes,8,11K,Mollywood (Malayalam),"Action, Drama, Thriller",Sachy,"$5,088,713.00",122,17 wins & 16 nominations,"The story revolves around the clash between Ayyappan, a senior police officer who serves at the Attappadi Police Station and Havildar Koshi, who comes to the village with a motive.",Amazon Prime Video
Kantara,2022,2 hours 28 minutes,8.2,104K,Sandalwood (Kannada),"Action, Drama, Fantasy",Rishab Shetty,"$2,406,221.00",1200,21 wins & 14 nominations,"When greed paves the way for betrayal, scheming and murder, a young tribal reluctantly dons the traditions of his ancestors to seek justice.","Amazon Prime Video, Netflix"
22 Shey Shraban,2011,2 hours 19 minutes,8.1,6.2K,Bengali Cinema,"Crime, Thriller",Srijit Mukherji, NIL,22,NIL,An ex-cop is hired to track down a serial killer who carries out his killings according to Bengali poetry.,Hoichoi
Ulidavaru Kandanthe,2014,2 hours 34 minutes,8.4,9.6K,Sandalwood (Kannada),"Crime, Drama",Rakshit Shetty,"$253,012.05",72,4 wins & 10 nominations,"A journalist sets out to uncover the truth behind an incident, through the perspectives of different people, unraveling how they and their lives are intertwined with it.",Voot
Charlie,2015,2 hours 10 minutes,8,13K,Mollywood (Malayalam),"Drama, Romance",Martin Prakkat,"$46,083.00",78,10 wins,"A young, nonconforming woman named Tessa gets entangled in a cat-and-mouse chase in the by-lanes of Kerala, hunting for a mysterious artist who previously lived in her apartment.",SonyLIV
Ship of Theseus,2012,2 hours 20 minutes,8,7.9K,Bollywood (Hindi),"Drama, Philosophical",Anand Gandhi,"$144,578.31",82,12 wins & 13 nominations,"The film explores questions of identity, justice, beauty, meaning and death through an experimental photographer, an ailing monk and a young stockbroker.",Disney+ Hotstar
Jab We Met,2007,2 hours 18 minutes,7.9,60K,Bollywood (Hindi),"Romance, Comedy, Drama",Imtiaz Ali,"$10,065,630.00",127,14 wins & 22 nominations,A depressed wealthy businessman finds his life changing after he meets a spunky and care-free young woman.,"Netflix, Amazon Prime Video"
Thondi Muthalum Driksakshiyum,2017,2 hours 15 minutes,8.1,8.2K,Mollywood (Malayalam),"Crime, Drama, Family",Dileesh Pothan,"$803,887.00",39,22 wins & 1 nomination,"Prasad and Sreeja enter wedlock and move to a new place to continue the rest of their lives. Unfortunate events begin to take place after Prasad, a small-time thief, robs Sreeja's gold chain...  ",Disney+ Hotstar
Deiva Thirumagal,2011,2 hours 46 minutes,8.2,6.6K,Kollywood (Tamil),"Drama, Family",A.L. Vijay,"$846,407.00",49,13 wins & 13 nominations,"A man with disabilities fights for custody of his 7-year-old daughter, and in the process teaches his opponent lawyer the value of love and family.",Amazon Prime Video
Pranchiyettan and the Saint,2010,2 hours 20 minutes,8.3,6.3K,Mollywood (Malayalam),"Comedy, Drama",Ranjith,$957.00,13,17 wins & 1 nomination,Pranchiyettan is a successful businessman who often has talks with an imaginary St. Francis of Assisi. The story deals with how he goes about changing his embarrassing image to making a name...  ,Disney+ Hotstar
My Name Is Khan,2010,2 hours 45 minutes,7.9,117K,Bollywood (Hindi),"Drama, Social",Karan Johar,"$42,345,360.00",362,25 wins & 36 nominations,"Rizwan Khan is a Muslim immigrant to the US with Asperger's syndrome. After his family falls apart in the aftermath of 9/11, he begins an epic quest across the country to speak to the Presid...  ",Netflix
Border,1997,2 hours 56 minutes,7.9,18K,Bollywood (Hindi),"War, Action, Drama",J.P. Dutta,"$1,325,301.20",48,15 wins & 11 nominations,"In 1971, along the border region of Longewala, a small battalion of Indian soldiers goes up against a large Pakistani strike force.",Amazon Prime Video
Take Off,2017,2 hours 19 minutes,8.1,7.4K,Mollywood (Malayalam),"Drama, Thriller",Mahesh Narayanan,"$884,267.00",29,19 wins & 7 nominations,"In 2014, a group of Malayali nurses was captured when terrorists took over the city of Tikrit in Iraq. This movie recounts the ordeal suffered by the nurses following their capture.",Disney+ Hotstar
Dev.D,2009,2 hours 24 minutes,7.9,32K,Bollywood (Hindi),"Romance, Drama, Musical",Anurag Kashyap,"$4,047,969.00",141,12 wins & 27 nominations,"After breaking up with his childhood sweetheart, a young man finds solace in drugs. Meanwhile, a teenage girl is caught in the world of prostitution. Will they be destroyed, or will they fin...  ",Netflix
Gargi,2022,2 hours 20 minutes,8.1,7K,Kollywood (Tamil),"Drama, Legal",Gautham Ramachandran,"$366,674.00",91,6 wins & 10 nominations,The journey of a young school teacher to prove her father's innocence with the help of a juvenile advocate who's never even seen the interiors of a court hall.,SonyLIV
The Brawler,2017,2 hours 34 minutes,8,8.7K,Bollywood (Hindi),"Drama, Sports",Anurag Kashyap,"$140,981.00",81,6 wins & 15 nominations,A boxer struggles to make his mark in the boxing world.,Mubi
Garuda Gamana Vrishabha Vahana,2021,2 hours 31 minutes,8.3,8.4K,Sandalwood (Kannada),"Crime, Drama",Raj B. Shetty,"$120,481.93",168,3 wins & 13 nominations,"Set in the backdrop of the coastal and cultural city of modern-day Mangaluru, Hari and his soulmate Shiva rise together to great heights only to face off as bitter enemies resulting to their...  ",Zee5
Manjhi: The Mountain Man,2015,2 hours ,8,20K,Bollywood (Hindi),"Biography, Drama",Ketan Mehta,"$963,855.42",87,7 nominations,"Using only a hammer and a chisel, a man spends twenty-two years carving a road through a treacherous mountain.",Zee5
M.S. Dhoni: The Untold Story,2016,3 hours 4 minutes,8,69K,Bollywood (Hindi),"Biography, Sports, Drama",Mathur Goswami,"$28,903,047.00",265,12 wins & 29 nominations,The untold story of Mahendra Singh Dhoni's journey from ticket collector to trophy collector - the world-cup-winning captain of the Indian Cricket Team.,Disney+ Hotstar
Kal Ho Naa Ho,2003,3 hours 6 minutes,7.9,76K,Bollywood (Hindi),"Romance, Drama, Comedy",Nikkhil Advani,"$13,200,241.00",195,45 wins & 47 nominations,"Naina, an introverted, perpetually depressed girl's life changes when she meets Aman. But Aman has a secret of his own which changes their lives forever. Embroiled in all this is Rohit, Nain...  ",Amazon Prime Video
Vedam,2010,2 hours 15 minutes,8.1,8.9K,Tollywood (Telugu),"Drama, Anthology",Radha Krishna Jagarlamudi, NIL,29,8 wins & 3 nominations,"Stories of 5 people, an educated slum dweller, an aspiring rock star, an old villager, a prostitute and an ostracized Muslim man; all lead up to a night in a hospital filled with jeopardy.",Disney+ Hotstar
Salaam Bombay!,1988,1 hour 53 minutes,7.9,10K,Bollywood (Hindi),"Drama, Social",Mira Nair,"$2,080,758.00",75,13 wins & 8 nominations total,"Young Krishna struggles to survive among the drug dealers, pimps, and prostitutes in the back alleys and gutters of India.","Amazon Prime Video, YouTube"
Por Thozhil,2023,2 hours 27 minutes,8,10K,Kollywood (Tamil),"Thriller, Drama",Vignesh Raja,"$350,534.00",81,1 nomination,A bright but faint-hearted rookie cop has to overcome his fears in order to succeed in his first case which sees him partnered with a reclusive senior officer to catch a serial killer on the...  ,SonyLIV
Vinnaithaandi Varuvaayaa,2010,2 hours 37 minutes,8.1,7K,Kollywood (Tamil),"Romance, Drama",Gautham Vasudev Menon,"$292,732.00",46,14 wins & 17 nominations,An aspiring filmmaker goes through the ups and downs of romance when he falls for a Christian woman who says she only wants to be friends.,Amazon Prime Video
Pizza,2012,2 hours 7 minutes,7.9,8.8K,Kollywood (Tamil),"Thriller, Horror",Karthik Subbaraj,"$180,722.89",14,5 wins & 3 nominations,A pizza delivery boy lands in a mysterious circumstance and it works a dramatic change in his life.,Disney+ Hotstar
The Music Room,1958,1 hour 35 minutes,7.9,6.8K,Bengali Cinema,Drama,Satyajit Ray,"$3,247.00",42,2 wins & 2 nominations,"Depicts the end days of a decadent zamindar (landlord) in Bengal, and his efforts to uphold his family prestige even when faced with economic adversity.",Amazon Prime Video
Pad Man,2018,2 hours 20 minutes,7.9,29K,Bollywood (Hindi),"Biography, Drama, Social",R. Balki,"$29,045,020.00",145,4 wins & 8 nominations,"Upon realizing the extent to which women are affected by their menses, a man sets out to create a sanitary pad machine and to provide inexpensive sanitary pads to the women of rural India.",Zee5
Traffic,2011,2 hours 2 minutes,8.1,5.3K,Mollywood (Malayalam),"Thriller, Drama",Rajesh Pillai, NIL,14,2 wins,The lives of some different people get intertwined when a girl is in urgent need of a heart transplant with the only heart donor being many miles of traffic away.,Amazon Prime Video
K.G.F: Chapter 2,2022,2 hours 46 minutes,8.2,152K,Sandalwood (Kannada),"Action, Drama",Prashanth Neel,"$89,123,940.00",1900,8 wins & 13 nominations,"In the blood-soaked Kolar Gold Fields, Rocky's name strikes fear into his foes, while the government sees him as a threat to law and order. Rocky must battle threats from all sides for uncha...  ","Amazon Prime Video, Netflix"
Hridayam,2022,2 hours 52 minutes,8.1,16K,Mollywood (Malayalam),"Romance, Drama",Vineeth Sreenivasan,"$1,740,483.00",253,3 wins & 2 nominations,"The emotional journey of Arun, his carefree bachelor days in engineering college, and how he matures through various phases of life.",Disney+ Hotstar
Hindi Medium,2017,2 hours 12 minutes,7.8,32K,Bollywood (Hindi),"Drama, Social",Saket Chaudhary,"$41,635,636.00",111,9 wins & 19 nominations,A couple from Chandni Chowk aspire to give their daughter the best education and thus be a part of and accepted by the elite of Delhi.,"Amazon Prime Video, Netflix"
Kirik Party,2016,2 hours 39 minutes,8.2,7.4K,Sandalwood (Kannada),"Comedy, Drama, Romance",Rishab Shetty,"$12,195.00",34,9 wins & 14 nominations,"Kirik Party is the story of a gang of mischievous students, lead by the protagonist Karna (Rakshit Shetty), who has just joined an engineering college.",Voot
Android Kunjappan Ver 5.25,2019,2 hours 20 minutes,8,7K,Mollywood (Malayalam),"Sci-Fi, Drama, Comedy",Ratheesh Balakrishnan Poduval,"$10,230.00",69,6 wins & 1 nomination,"Story of a conventional, conservative small town villager and his son who has to move away from home due to his profession. Their relationship gets an endearing twist when an AI humanoid ent...  ",Amazon Prime Video
Jigarthanda Double X,2023,2 hours 52 minutes,8,9.9K,Kollywood (Tamil),"Action, Crime, Drama",Karthik Subbaraj,"$279,408.00",57,3 nominations,"In 1975, a filmmaker agrees to collaborate on a film with a gangster who wishes to become a famous actor.",Amazon Prime Video
Ankhon Dekhi,2013,1 hour 47 minutes,7.9,13K,Bollywood (Hindi),"Drama, Comedy",Rajat Kapoor,"$151,226.00",105,8 wins & 11 nominations,"After a distressing incident, a Delhi man vows to believe only what he can see, but his new ideals soon take his life in extreme directions.",Netflix
Major,2022,2 hours 30 minutes,8.1,33K,Tollywood (Telugu),"Biography, Action, Drama",Sashi Kiran Tikka,"$4,961,424.00",708,3 wins & 12 nominations,"Based on the life of Major Sandeep Unnikrishnan, who was martyred in action during the November 2008 Mumbai attacks.","Netflix, SonyLIV"
Super 30,2019,2 hours 34 minutes,7.9,38K,Bollywood (Hindi),"Biography, Drama",Vikas Bahl,"$24,701,637.00",617,6 wins & 12 nominations,Based on the life of Patna-based mathematician Anand Kumar who runs the famed Super 30 program for IIT aspirants in Patna.,Zee5
Johnny Gaddaar,2007,2 hours 15 minutes,7.9,13K,Bollywood (Hindi),"Crime, Thriller",Sriram Raghavan,"$1,109,943.00",75,3 wins & 8 nominations,"Police officers recount a tale of missing money which results in lies, deceit, betrayal and death.",Amazon Prime Video
English Vinglish,2012,2 hours 14 minutes,7.8,40K,Bollywood (Hindi),"Drama, Family",Gauri Shinde,"$10,299,150.00",150,13 wins & 25 nominations,"A quiet, sweet tempered housewife endures small slights from her well-educated husband and daughter every day because of her inability to speak and understand English.","Netflix, Amazon Prime Video"
Dor,2006,2 hours 27 minutes,7.9,6.3K,Bollywood (Hindi),Drama,Nagesh Kukunoor,"$517,575.00",51,6 wins & 10 nominations,"Two woman --different backgrounds, miles apart, and strangers to each other-- are linked by tragedy. Their new-found friendship is tested as one holds the fate of the other's husband in her ...  ",Amazon Prime Video
Joseph,2018,2 hours 18 minutes,8,6.4K,Mollywood (Malayalam),"Thriller, Drama",M. Padmakumar, NIL,76,10 wins & 3 nominations,"The story develops through the life of four retired policemen. It has the tone of a thriller investigation. An issue affecting the life of Joseph, the central character, and his family is be...  ",Amazon Prime Video
Anjaam Pathiraa,2020,2 hours 24 minutes,7.9,9.3K,Mollywood (Malayalam),"Thriller, Mystery",Midhun Manuel Thomas,"$1,106,211.00",156,2 wins & 9 nominations,"The police are on the trail of a serial killer, but with the victims being fellow officers, will they be able to catch the killer and solve the case in time?",Sun NXT
Hey Ram,2000,3 hours 6 minutes,7.9,14K,Kollywood (Tamil),"Drama, History, Thriller",Kamal Haasan,"$274,675.00",72,5 wins & 9 nominations,Saketh Ram's wife is raped and killed during direct action day riots in Calcutta. He is convinced that Mahatma Gandhi is responsible for all the problems happening in the country and sets ou...  ,Amazon Prime Video
Karnan,2021,2 hours 38 minutes,8,24K,Kollywood (Tamil),"Drama, Action",Mari Selvaraj,"$3,817,585.00",362,3 wins & 10 nominations,"Karnan, a fearless village youth, must fight for the rights of the conservative people of his village, due to the torture given by a police officer.",Amazon Prime Video
Baahubali: The Beginning,2015,2 hours 39 minutes,8,139K,Tollywood (Telugu),"Action, Fantasy, Drama",S.S. Rajamouli,"$24,548,038.00",610,55 wins & 22 nominations,"A child from the Mahishmati kingdom is raised by tribal people and one day learns about his royal heritage, his father's bravery in battle and a mission to overthrow the incumbent ruler.","Netflix, Amazon Prime Video"
Memories,2013,2 hours 12 minutes,8,8K,Mollywood (Malayalam),"Thriller, Drama, Mystery",Jeethu Joseph,"$602,409.64",28,2 wins,"Sam Alex, a drunkard ex-cop, is forced to investigate a series of murders which are committed in the same pattern. His search leads to a serial killer, and something more than what he expect...  ",Amazon Prime Video
Love Today,2022,2 hours 34 minutes,8,16K,Kollywood (Tamil),"Romance, Comedy",Pradeep Ranganathan,"$158,787.00",75,3 wins & 6 nominations,"Two young lovers, who are made to exchange their phones for a day and what happens due to that.",Netflix
Baby,2015,2 hours 39 minutes,7.9,61K,Bollywood (Hindi),"Action, Thriller",Neeraj Pandey,"$11,533,057.00",259,2 wins & 10 nominations,"An elite counter-intelligence unit learns of a plot, masterminded by a maniacal madman. With the clock ticking, it's up to them to track the terrorists' international tentacles and prevent t...  ",Netflix
Malik,2021,2 hours 42 minutes,8,14K,Mollywood (Malayalam),"Drama, Crime",Mahesh Narayanan,"$3,012,048.19",391,7 wins & 6 nominations,"A past ridden with crime, death and pain is recounted to Freddy, a juvenile criminal, who has been assigned to eliminate his estranged uncle Sulaiman, an aging patriarch, while behind bars.",Amazon Prime Video
Lakshya,2004,3 hours 6 minutes,7.8,26K,Bollywood (Hindi),"War, Drama",Farhan Akhtar,"$5,859,242.00",107,6 wins & 14 nominations,"An aimless, jobless, irresponsible grown man joins the army and matures into a battlefield hero.",Amazon Prime Video
Mera Naam Joker,1970,3 hours 44 minutes,7.9,5.4K,Bollywood (Hindi),"Drama, Musical",Raj Kapoor, NIL,29,11 wins,"Raju is a joker, a clown. It is what he is and what he always shall be. As his life story unfolds in three chapters, from his school days to the circus to the streets, he must always make pe...  ",Amazon Prime Video
The Lunchbox,2013,1 hour 44 minutes,7.8,62K,Bollywood (Hindi),"Romance, Drama",Ritesh Batra,"$11,621,785.00",262,29 wins & 46 nominations total,A mistaken delivery in Mumbai's famously efficient lunchbox delivery system connects a young housewife to an older man in the dusk of his life as they build a fantasy world together through ...  ,"Netflix, Amazon Prime Video"
The Goat Life,2024,2 hours 53 minutes,8,14K,Sandalwood (Kannada),"Action, Drama",Blessy,"$5,138,042.00",204,NIL,"An Indian man seeking work follows a job lead to Saudi Arabia, only to find himself forced to labor without pay as a goat herder in the remote desert.",Amazon Prime Video
Gangaajal,2003,2 hours 37 minutes,7.8,18K,Bollywood (Hindi),"Crime, Drama",Prakash Jha,"$1,875,477.00",23,5 wins & 31 nominations,"An IPS officer motivates and leads a dysfunctional, corrupt police force of Tezpur to fight against the corrupt politician.",Disney+ Hotstar
Arjun Reddy,2017,3 hours 2 minutes,7.9,28K,Tollywood (Telugu),"Romance, Drama",Sandeep Reddy Vanga,"$145,522.00",151,3 wins & 8 nominations,"Arjun Reddy, a short-tempered house surgeon, gets used to drugs and drinks when his girlfriend is forced to marry another person.",Amazon Prime Video
Vettaiyaadu Vilaiyaadu,2006,2 hours 54 minutes,7.9,8.3K,Kollywood (Tamil),"Crime, Thriller",Gautham Vasudev Menon,"$7,888.00",39,3 wins,"A Police Officer investigates a series of brutal rapes and murders, with the culprits seeming to cover more than one country.",Amazon Prime Video
Kaakha Kaakha,2003,2 hours 33 minutes,8,6.9K,Kollywood (Tamil),"Action, Crime, Drama",Gautham Vasudev Menon,"$602,409.64",15,6 wins & 4 nominations,"After a police team kills his brother, a drug-dealing gangster vows to kill the entire team and their respective families.",Amazon Prime Video
Ab Tak Chhappan,2004,2 hours 9 minutes,7.8,9.7K,Bollywood (Hindi),"Crime, Thriller",Shimit Amin,"$3,614,457.83",28,3 wins & 17 nominations,"Sadhu, an encounter specialist, is armed with a personal vendetta to find and kill the gangsters responsible for his wife's death.",Disney+ Hotstar
Airlift,2016,2 hours 10 minutes,7.9,59K,Bollywood (Hindi),"Drama, Thriller, History",Raja Menon,"$9,323,484.00",214,3 wins & 18 nominations,"When Iraq invades Kuwait in August 1990, a callous Indian businessman becomes the spokesperson for more than 170,000 stranded countrymen.",Disney+ Hotstar
Oopiri,2016,2 hours 38 minutes,8,6.2K,Tollywood (Telugu),"Drama, Comedy",Vamshi Paidipally,"$7,124.00",21,4 wins & 6 nominations,"Impressed by his carefree attitude, quadriplegic multi-billionaire Vikram hires a convict out on parole as his caretaker. What follows is a string of life lessons they learn from each other.",Disney+ Hotstar
Maidaan,2024,3 hours 1minute,8,20K,Bollywood (Hindi),"Sports, Drama, Biography",Amit Ravindernath Sharma,"$371,226.00",161,NIL,"Inspired by the Indian national football team coach and manager Syed Abdul Rahim, who is regarded as the architect of Indian football.",Amazon Prime Video
Mumbai Police,2013,2 hours 25 minutes,7.9,7.9K,Mollywood (Malayalam),"Crime, Thriller, Drama",Rosshan Andrrews, NIL,36,1 win & 1 nomination,"ACP Antony is the only one who knows the truth behind ACP Aaryan's murder. Antony meets with an accident, losing his memory and is unable to reveal the killer. He is forced to investigate th...  ",Disney+ Hotstar
Unnaipol Oruvan,2009,1 hour 42 minutes,8,6.2K,Kollywood (Tamil),"Thriller, Drama",Chakri Toleti,"$6,024,096.39",14,3 wins & 8 nominations,A retiring police officer remembers a thrilling case of his life which is not recorded in any case files.,Amazon Prime Video
Pokiri,2006,2 hours 44 minutes,8,16K,Tollywood (Telugu),"Action, Drama",Puri Jagannadh,"$93,651.00",24,7 wins & 6 nominations,A money-minded criminal has to deal with two rival gangs as well as an evil cop threatening his girlfriend.,Disney+ Hotstar
Thuppakki,2012,2 hours 45 minutes,8.1,38K,Kollywood (Tamil),"Action, Thriller",A.R. Murugadoss,"$2,130,470.00",134,14 wins & 17 nominations,An army captain is on a mission to track down and destroy a terrorist gang and deactivate the sleeper cells under its command.,Disney+ Hotstar
Stanley Ka Dabba,2011,1 hour 36 minutes,7.8,7.7K,Bollywood (Hindi),"Drama, Family",Amole Gupte,"$1,241,102.00",44,4 wins & 6 nominations,"A school-teacher, who forces children to share their food with him, forbids one from entering the school until he brings his own Tiffin/Lunch-box.",Disney+ Hotstar
Nayak: The Real Hero,2001,3 hours 7 minutes,7.8,18K,Bollywood (Hindi),"Action, Political Drama",S. Shankar, NIL,20,4 nominations,"A man accepts a challenge by the chief minister of Maharashtra to run the state for one day, and makes such a success of it that soon he is embroiled in political intrigue.",Amazon Prime Video
Leader,2010,2 hours 47 minutes,8,5.7K,Tollywood (Telugu),Political Drama,Sekhar Kammula,"$1,566,265.06",15,3 wins & 6 nominations,"A well educated idealist, who is a son of Political leader in power wants to correct the rigged political system of favors and corruption. However, this soon becomes a game of power. How wou...  ",Amazon Prime Video
Veer-Zaara,2004,3 hours 12 minutes,7.8,58K,Bollywood (Hindi),"Romance, Drama",Yash Chopra,"$6,887,221.00",197,30 wins & 42 nominations,"""Veer-Zaara"" is a saga of love, separation, courage, and sacrifice. A love story that is an inspiration and will remain a legend forever.",Amazon Prime Video
The Tashkent Files,2019,2 hours 14 minutes,8.1,36K,Bollywood (Hindi),"Thriller, Political Drama",Vivek Agnihotri,"$71,369.00",532,2 wins,"Revolves around the mysterious death of India's 2nd Prime Minister Shri Lal Bahadur Shastri and attempts to uncover if he had actually died a natural death, or, as alleged, was assassinated.",Zee5
Okkadu,2003,2 hours 51 minutes,8,11K,Tollywood (Telugu),"Action, Drama",Gunasekhar,"$11,764.00",15,20 wins,A Kabbadi player rescues a young woman from an unwanted marriage and hides her in his home.,Amazon Prime Video
Manam,2014,2 hours 43 minutes,8,12K,Tollywood (Telugu),"Drama, Family, Fantasy",Vikram K. Kumar,"$28,369.00",37,18 wins & 10 nominations,"Through reincarnation, family members are able to cross generations and meddle in each others' lives.",Disney+ Hotstar
Vicky Donor,2012,2 hours 6 minutes,7.7,46K,Bollywood (Hindi),"Comedy, Drama",Shoojit Sircar,"$6,456,358.00",82,43 wins & 37 nominations,"A man is brought in by an infertility doctor to supply him with his sperm, where he becomes the biggest sperm donor for his clinic.","Amazon Prime Video, Netflix"
Angamaly Diaries,2017,2 hours 12 minutes,7.9,6.8K,Mollywood (Malayalam),"Crime, Drama",Lijo Jose Pellissery,"$661,915.00",39,2 wins & 6 nominations,"Vincent Pepe who wanted to be a powerful leader of a righteous gang that ruled the city, like his seniors. And then there's the rival clan with the malicious gangsters of Angamaly a locale o...  ",Netflix
Mr. India,1987,2 hours 59 minutes,7.7,17K,Bollywood (Hindi),"Action, Sci-Fi, Family",Shekhar Kapur, NIL,25,1 win,"A poor but big-hearted man takes orphans into his home. After discovering his scientist father's invisibility device, he rises to the occasion and fights to save his children and all of Indi...  ","Zee5, Amazon Prime Video"
Hazaaron Khwaishein Aisi,2003,2 hours ,7.9,5.3K,Bollywood (Hindi),"Political Drama, Romance",Sudhir Mishra, NIL,44,8 wins & 9 nominations,"Set in the backdrop of Indian Emergency 1975, the story revolves around 3 friends whose lives changes drastically after the turn of events.",Amazon Prime Video
Ghilli,2004,2 hours 40 minutes,8.1,17K,Kollywood (Tamil),"Action, Drama",Dharani,"$163,961.00",47,2 wins & 2 nominations,"Velu, an aspiring kabaddi player, goes to Madurai to participate in a regional match, where he rescues Dhanalakshmi from Muthupandi, a powerful man keen on marrying the girl against her will...  ",Disney+ Hotstar
Mukundan Unni Associates,2022,2 hours 8 minutes,7.9,6.2K,Mollywood (Malayalam),"Satire, Drama",Abhinav Sunder Nayak,"$44,990.00",62,1 win,"Advocate Mukundan Unni, played by Vineeth Sreenivasan wants to be successful and leaves no stone unturned to achieve growth, prosperity, and respect. But this steadfast nature aided with an ...  ",Disney+ Hotstar
Happy Days,2007,2 hours 33 minutes,7.9,6.3K,Tollywood (Telugu),"Drama, Romance, Comedy",Sekhar Kammula,"$361,445.78",16,7 wins,A group of eight youngsters from an engineering college form an unbreakable friendship after going through various struggles together.,Amazon Prime Video
