Region,Year,Gender,Nationality,Population estimates
Madinah,"2,014",Female,Saudi,"562,344"
Tabouk,"2,010",Female,Saudi,"239,792"
Hail,"2,013",Female,Saudi,"211,727"
Eastern Region,"2,016",Male,Saudi,"1,308,467"
Al-Baha,"2,018",Female,Non-Saudi,"16,951"
Northern Region,"2,016",Female,Non-Saudi,"21,111"
Al-Jouf,"2,013",Male,Saudi,"181,436"
Northern Region,"2,019",Female,Non-Saudi,"21,056"
Madinah,"2,013",Female,Saudi,"546,260"
Qaseem,"2,021",Male,Saudi,"451,061"
Najran,"2,012",Female,Saudi,"156,915"
Eastern Region,"2,012",Female,Non-Saudi,"347,508"
Qaseem,"2,017",Male,Non-Saudi,"377,965"
Madinah,"2,018",Male,Saudi,"613,235"
Madinah,"2,019",Male,Saudi,"628,057"
Al-Baha,"2,019",Male,Non-Saudi,"69,631"
Riyadh,"2,022",Female,Non-Saudi,"1,012,243"
Qaseem,"2,022",Male,Saudi,"461,032"
Al-Jouf,"2,011",Male,Saudi,"173,361"
Makkah,"2,022",Male,Saudi,"2,073,878"
Madinah,"2,019",Female,Saudi,"633,571"
Jazan,"2,016",Female,Non-Saudi,"108,131"
Riyadh,"2,022",Female,Saudi,"2,197,165"
Aseer,"2,011",Female,Non-Saudi,"86,040"
Makkah,"2,014",Female,Saudi,"1,703,946"
Qaseem,"2,019",Male,Saudi,"429,850"
Eastern Region,"2,022",Female,Non-Saudi,"410,580"
Al-Baha,"2,016",Female,Non-Saudi,"18,333"
Riyadh,"2,013",Female,Non-Saudi,"909,928"
Aseer,"2,021",Female,Non-Saudi,"92,727"
Northern Region,"2,014",Male,Non-Saudi,"68,037"
Tabouk,"2,011",Female,Saudi,"244,726"
Najran,"2,019",Female,Saudi,"185,115"
Tabouk,"2,021",Female,Saudi,"309,466"
Eastern Region,"2,019",Male,Non-Saudi,"1,609,979"
Eastern Region,"2,017",Female,Saudi,"1,284,399"
Tabouk,"2,022",Female,Non-Saudi,"42,458"
Riyadh,"2,016",Male,Saudi,"1,948,993"
Riyadh,"2,017",Male,Saudi,"1,988,653"
Qaseem,"2,018",Female,Saudi,"422,996"
Madinah,"2,017",Male,Non-Saudi,"646,360"
Riyadh,"2,021",Female,Saudi,"2,148,761"
Qaseem,"2,014",Female,Saudi,"384,306"
Tabouk,"2,022",Male,Saudi,"321,704"
Makkah,"2,014",Male,Saudi,"1,707,937"
Tabouk,"2,014",Female,Saudi,"263,944"
Riyadh,"2,011",Male,Non-Saudi,"2,348,331"
Al-Baha,"2,010",Female,Saudi,"94,797"
Al-Baha,"2,010",Male,Saudi,"92,422"
Najran,"2,016",Male,Non-Saudi,"156,000"
Qaseem,"2,011",Male,Saudi,"353,873"
Aseer,"2,019",Female,Saudi,"677,910"
Aseer,"2,017",Male,Saudi,"638,272"
Riyadh,"2,017",Female,Saudi,"1,951,078"
Tabouk,"2,012",Male,Saudi,"254,504"
Najran,"2,013",Male,Saudi,"161,411"
Tabouk,"2,016",Female,Non-Saudi,"42,964"
Al-Baha,"2,010",Female,Non-Saudi,"16,209"
Northern Region,"2,018",Male,Non-Saudi,"73,503"
Northern Region,"2,016",Male,Saudi,"120,146"
Jazan,"2,018",Male,Non-Saudi,"297,971"
Jazan,"2,020",Male,Saudi,"477,821"
Jazan,"2,019",Female,Non-Saudi,"97,252"
Makkah,"2,012",Female,Non-Saudi,"1,107,492"
Hail,"2,017",Male,Saudi,"236,237"
Makkah,"2,020",Male,Saudi,"1,981,969"
Eastern Region,"2,012",Male,Saudi,"1,171,807"
Makkah,"2,022",Female,Non-Saudi,"1,062,692"
Qaseem,"2,016",Female,Non-Saudi,"83,675"
Madinah,"2,013",Male,Non-Saudi,"558,493"
Riyadh,"2,013",Female,Saudi,"1,758,368"
Tabouk,"2,011",Female,Non-Saudi,"35,867"
Najran,"2,020",Female,Non-Saudi,"45,978"
Hail,"2,022",Female,Saudi,"262,778"
Aseer,"2,021",Male,Saudi,"701,135"
Al-Baha,"2,016",Male,Saudi,"106,956"
Najran,"2,019",Male,Saudi,"185,427"
Eastern Region,"2,020",Female,Saudi,"1,382,219"
Makkah,"2,022",Female,Saudi,"2,079,845"
Eastern Region,"2,017",Male,Saudi,"1,335,326"
Qaseem,"2,018",Male,Saudi,"419,545"
Makkah,"2,019",Female,Non-Saudi,"1,053,771"
Northern Region,"2,018",Female,Saudi,"123,943"
Riyadh,"2,021",Male,Non-Saudi,"2,855,565"
Al-Jouf,"2,016",Male,Saudi,"195,224"
Madinah,"2,012",Male,Saudi,"529,499"
Najran,"2,012",Male,Non-Saudi,"112,311"
Qaseem,"2,012",Male,Saudi,"362,068"
Al-Baha,"2,010",Male,Non-Saudi,"59,029"
Najran,"2,018",Male,Saudi,"181,278"
Madinah,"2,010",Female,Saudi,"509,074"
Hail,"2,014",Male,Non-Saudi,"147,553"
Al-Jouf,"2,014",Female,Non-Saudi,"26,546"
Madinah,"2,010",Female,Non-Saudi,"183,087"
Najran,"2,015",Female,Non-Saudi,"40,343"
Riyadh,"2,010",Male,Saudi,"1,669,970"
Al-Baha,"2,013",Female,Non-Saudi,"17,508"
Makkah,"2,016",Female,Non-Saudi,"1,199,669"
Jazan,"2,014",Female,Non-Saudi,"103,302"
Jazan,"2,021",Male,Non-Saudi,"275,880"
Northern Region,"2,014",Female,Non-Saudi,"18,721"
Eastern Region,"2,010",Female,Non-Saudi,"324,272"
Tabouk,"2,018",Female,Saudi,"289,200"
Riyadh,"2,014",Male,Non-Saudi,"2,891,361"
Aseer,"2,011",Male,Non-Saudi,"334,823"
Madinah,"2,017",Female,Saudi,"604,703"
Aseer,"2,014",Female,Non-Saudi,"94,571"
Al-Jouf,"2,011",Male,Non-Saudi,"92,164"
Jazan,"2,010",Female,Saudi,"375,471"
Al-Baha,"2,015",Male,Non-Saudi,"81,945"
Riyadh,"2,014",Female,Non-Saudi,"936,085"
Riyadh,"2,010",Male,Non-Saudi,"2,122,121"
Najran,"2,018",Female,Non-Saudi,"41,338"
Al-Baha,"2,012",Female,Non-Saudi,"16,752"
Madinah,"2,014",Male,Saudi,"559,725"
Tabouk,"2,011",Male,Saudi,"248,842"
Northern Region,"2,013",Male,Saudi,"111,421"
Tabouk,"2,013",Female,Saudi,"256,629"
Al-Baha,"2,016",Female,Saudi,"110,757"
Makkah,"2,012",Male,Non-Saudi,"2,582,311"
Madinah,"2,012",Female,Non-Saudi,"188,259"
Al-Baha,"2,017",Female,Non-Saudi,"18,323"
Tabouk,"2,022",Male,Non-Saudi,"205,977"
Northern Region,"2,021",Female,Non-Saudi,"22,741"
Hail,"2,020",Male,Non-Saudi,"172,985"
Jazan,"2,014",Female,Saudi,"415,289"
Qaseem,"2,014",Male,Non-Saudi,"345,482"
Jazan,"2,018",Female,Non-Saudi,"101,035"
Northern Region,"2,021",Male,Saudi,"133,588"
Tabouk,"2,018",Male,Saudi,"293,945"
Qaseem,"2,018",Male,Non-Saudi,"340,886"
Hail,"2,010",Male,Saudi,"199,934"
Madinah,"2,010",Male,Non-Saudi,"421,795"
Makkah,"2,011",Female,Saudi,"1,570,069"
Hail,"2,016",Male,Saudi,"231,701"
Hail,"2,010",Female,Non-Saudi,"29,089"
Makkah,"2,010",Male,Saudi,"1,541,652"
Northern Region,"2,018",Male,Saudi,"125,029"
Qaseem,"2,011",Female,Saudi,"355,120"
Tabouk,"2,017",Female,Saudi,"283,010"
Hail,"2,015",Female,Saudi,"223,897"
Riyadh,"2,020",Male,Non-Saudi,"3,124,464"
Najran,"2,017",Male,Non-Saudi,"153,138"
Najran,"2,017",Male,Saudi,"177,411"
Al-Jouf,"2,015",Male,Non-Saudi,"126,144"
Eastern Region,"2,015",Female,Non-Saudi,"395,711"
Eastern Region,"2,015",Male,Non-Saudi,"1,736,772"
Northern Region,"2,017",Male,Saudi,"122,394"
Aseer,"2,015",Female,Non-Saudi,"97,456"
Tabouk,"2,017",Female,Non-Saudi,"43,610"
Hail,"2,015",Male,Non-Saudi,"165,334"
Qaseem,"2,015",Female,Non-Saudi,"81,928"
Aseer,"2,015",Male,Saudi,"612,226"
Aseer,"2,020",Female,Non-Saudi,"100,638"
Aseer,"2,020",Male,Saudi,"686,327"
Al-Baha,"2,020",Female,Saudi,"122,365"
Makkah,"2,017",Male,Saudi,"1,835,981"
Najran,"2,017",Female,Non-Saudi,"43,408"
Najran,"2,017",Female,Saudi,"177,215"
Al-Jouf,"2,015",Male,Saudi,"191,142"
Jazan,"2,022",Female,Saudi,"503,886"
Al-Baha,"2,017",Female,Saudi,"113,257"
Jazan,"2,022",Female,Non-Saudi,"100,532"
Aseer,"2,013",Female,Saudi,"584,082"
Al-Baha,"2,014",Female,Non-Saudi,"17,682"
Makkah,"2,016",Male,Saudi,"1,798,985"
Qaseem,"2,017",Male,Saudi,"410,211"
Aseer,"2,012",Male,Non-Saudi,"367,122"
Tabouk,"2,014",Female,Non-Saudi,"40,199"
Al-Baha,"2,014",Male,Non-Saudi,"75,412"
Jazan,"2,016",Female,Saudi,"437,497"
Najran,"2,013",Female,Saudi,"160,858"
Najran,"2,019",Male,Non-Saudi,"136,969"
Aseer,"2,022",Male,Non-Saudi,"484,543"
Northern Region,"2,020",Female,Saudi,"129,777"
Hail,"2,022",Female,Non-Saudi,"40,222"
Jazan,"2,012",Male,Non-Saudi,"259,647"
Eastern Region,"2,018",Male,Non-Saudi,"1,673,054"
Madinah,"2,018",Female,Saudi,"618,598"
Jazan,"2,018",Female,Saudi,"457,451"
Riyadh,"2,012",Male,Saudi,"1,746,263"
Madinah,"2,013",Male,Saudi,"543,503"
Northern Region,"2,020",Male,Saudi,"131,023"
Jazan,"2,018",Male,Saudi,"454,221"
Eastern Region,"2,022",Female,Saudi,"1,444,796"
Najran,"2,014",Male,Saudi,"166,042"
Qaseem,"2,013",Female,Non-Saudi,"78,423"
Najran,"2,022",Male,Saudi,"197,668"
Makkah,"2,019",Male,Non-Saudi,"2,694,938"
Aseer,"2,012",Female,Saudi,"569,003"
Al-Jouf,"2,022",Male,Saudi,"220,359"
Northern Region,"2,020",Female,Non-Saudi,"24,006"
Najran,"2,016",Male,Saudi,"174,112"
Hail,"2,016",Male,Non-Saudi,"178,799"
Makkah,"2,014",Male,Non-Saudi,"2,852,658"
Hail,"2,012",Male,Saudi,"208,594"
Eastern Region,"2,020",Male,Saudi,"1,439,974"
Eastern Region,"2,017",Male,Non-Saudi,"1,817,812"
Najran,"2,014",Female,Non-Saudi,"38,338"
Riyadh,"2,018",Female,Non-Saudi,"965,668"
Riyadh,"2,019",Female,Non-Saudi,"941,810"
Riyadh,"2,012",Female,Non-Saudi,"854,406"
Madinah,"2,020",Male,Non-Saudi,"605,356"
Aseer,"2,020",Female,Saudi,"696,103"
Madinah,"2,015",Male,Non-Saudi,"626,728"
Al-Jouf,"2,020",Female,Saudi,"211,750"
Madinah,"2,016",Male,Saudi,"588,122"
Riyadh,"2,014",Female,Saudi,"1,811,466"
Aseer,"2,010",Female,Non-Saudi,"83,691"
Northern Region,"2,015",Male,Saudi,"117,567"
Northern Region,"2,015",Female,Saudi,"116,221"
Al-Baha,"2,013",Female,Saudi,"101,946"
Al-Baha,"2,011",Male,Saudi,"94,235"
Al-Baha,"2,013",Male,Non-Saudi,"75,077"
Al-Baha,"2,018",Male,Non-Saudi,"73,960"
Riyadh,"2,010",Female,Saudi,"1,635,160"
Najran,"2,022",Male,Non-Saudi,"152,265"
Hail,"2,016",Female,Saudi,"229,345"
Jazan,"2,010",Female,Non-Saudi,"92,868"
Riyadh,"2,016",Female,Non-Saudi,"1,006,495"
Hail,"2,017",Female,Saudi,"234,193"
Hail,"2,022",Male,Non-Saudi,"178,299"
Qaseem,"2,013",Male,Saudi,"371,679"
Riyadh,"2,012",Male,Non-Saudi,"2,555,208"
Qaseem,"2,016",Female,Saudi,"404,745"
Eastern Region,"2,016",Male,Non-Saudi,"1,861,202"
Makkah,"2,012",Male,Saudi,"1,611,601"
Hail,"2,013",Female,Non-Saudi,"34,022"
Eastern Region,"2,018",Female,Non-Saudi,"392,095"
Northern Region,"2,012",Male,Non-Saudi,"59,213"
Jazan,"2,012",Female,Non-Saudi,"96,882"
Al-Baha,"2,012",Male,Non-Saudi,"68,850"
Eastern Region,"2,022",Male,Saudi,"1,505,058"
Eastern Region,"2,021",Male,Saudi,"1,471,933"
Tabouk,"2,019",Female,Saudi,"295,842"
Jazan,"2,017",Female,Non-Saudi,"108,659"
Makkah,"2,019",Female,Saudi,"1,931,101"
Qaseem,"2,013",Male,Non-Saudi,"343,441"
Tabouk,"2,011",Male,Non-Saudi,"134,369"
Madinah,"2,015",Male,Saudi,"574,828"
Qaseem,"2,015",Male,Non-Saudi,"375,940"
Al-Baha,"2,020",Male,Saudi,"117,530"
Jazan,"2,015",Male,Saudi,"425,816"
Al-Jouf,"2,020",Male,Saudi,"212,298"
Eastern Region,"2,015",Male,Saudi,"1,277,468"
Madinah,"2,015",Female,Saudi,"577,855"
Al-Baha,"2,020",Male,Non-Saudi,"73,593"
Riyadh,"2,020",Female,Saudi,"2,100,681"
Aseer,"2,015",Male,Non-Saudi,"469,283"
Eastern Region,"2,015",Female,Saudi,"1,226,344"
Qaseem,"2,015",Female,Saudi,"394,991"
Qaseem,"2,015",Male,Saudi,"393,229"
Riyadh,"2,015",Female,Non-Saudi,"973,777"
Eastern Region,"2,019",Female,Non-Saudi,"382,301"
Aseer,"2,019",Male,Saudi,"668,468"
Hail,"2,020",Female,Non-Saudi,"41,320"
Tabouk,"2,012",Male,Non-Saudi,"148,210"
Northern Region,"2,011",Male,Saudi,"106,296"
Jazan,"2,020",Female,Saudi,"481,453"
Qaseem,"2,022",Female,Saudi,"465,458"
Hail,"2,010",Male,Non-Saudi,"101,989"
Makkah,"2,018",Male,Saudi,"1,879,826"
Qaseem,"2,021",Female,Non-Saudi,"76,769"
Aseer,"2,021",Female,Saudi,"712,009"
Eastern Region,"2,010",Male,Non-Saudi,"1,125,324"
Al-Jouf,"2,015",Female,Saudi,"190,315"
Tabouk,"2,017",Male,Saudi,"287,581"
Eastern Region,"2,011",Male,Non-Saudi,"1,251,678"
Qaseem,"2,022",Female,Non-Saudi,"78,494"
Al-Jouf,"2,010",Female,Saudi,"169,397"
Northern Region,"2,010",Male,Saudi,"104,306"
Madinah,"2,016",Female,Saudi,"592,006"
Tabouk,"2,015",Female,Non-Saudi,"41,697"
Aseer,"2,014",Female,Saudi,"601,145"
Madinah,"2,010",Male,Saudi,"507,527"
Al-Baha,"2,014",Female,Saudi,"104,998"
Al-Jouf,"2,013",Male,Non-Saudi,"111,489"
Riyadh,"2,022",Male,Non-Saudi,"3,140,295"
Al-Jouf,"2,010",Male,Saudi,"170,202"
Hail,"2,010",Female,Saudi,"197,414"
Qaseem,"2,019",Female,Saudi,"433,415"
Aseer,"2,012",Male,Saudi,"564,774"
Riyadh,"2,021",Female,Non-Saudi,"978,731"
Qaseem,"2,014",Female,Non-Saudi,"79,708"
Makkah,"2,010",Female,Non-Saudi,"1,076,909"
Aseer,"2,018",Male,Non-Saudi,"455,278"
Aseer,"2,022",Female,Non-Saudi,"95,054"
Madinah,"2,018",Female,Non-Saudi,"187,483"
Northern Region,"2,010",Male,Non-Saudi,"48,409"
Jazan,"2,017",Female,Saudi,"447,014"
Makkah,"2,018",Female,Non-Saudi,"1,103,527"
Makkah,"2,014",Female,Non-Saudi,"1,163,579"
Hail,"2,021",Male,Non-Saudi,"160,119"
Najran,"2,015",Female,Saudi,"169,708"
Aseer,"2,016",Male,Saudi,"626,115"
Qaseem,"2,021",Female,Saudi,"455,121"
Aseer,"2,010",Male,Saudi,"541,748"
Eastern Region,"2,014",Male,Saudi,"1,242,148"
Madinah,"2,014",Male,Non-Saudi,"568,795"
Northern Region,"2,010",Female,Non-Saudi,"14,304"
Tabouk,"2,010",Female,Non-Saudi,"34,667"
Najran,"2,021",Male,Saudi,"193,787"
Makkah,"2,021",Male,Saudi,"2,027,109"
Jazan,"2,010",Male,Saudi,"376,086"
Najran,"2,021",Female,Non-Saudi,"43,156"
Najran,"2,010",Female,Saudi,"150,396"
Tabouk,"2,015",Female,Saudi,"270,975"
Aseer,"2,014",Male,Non-Saudi,"421,694"
Makkah,"2,015",Female,Non-Saudi,"1,185,309"
Al-Jouf,"2,021",Male,Non-Saudi,"113,799"
Al-Jouf,"2,018",Female,Saudi,"202,611"
Makkah,"2,011",Female,Non-Saudi,"1,094,964"
Najran,"2,018",Male,Non-Saudi,"141,644"
Tabouk,"2,013",Female,Non-Saudi,"39,200"
Jazan,"2,017",Male,Saudi,"444,104"
Al-Jouf,"2,018",Male,Non-Saudi,"120,319"
Al-Jouf,"2,018",Female,Non-Saudi,"28,140"
Qaseem,"2,014",Male,Saudi,"382,811"
Al-Baha,"2,011",Male,Non-Saudi,"64,299"
Madinah,"2,016",Male,Non-Saudi,"666,678"
Al-Baha,"2,019",Male,Saudi,"114,395"
Jazan,"2,010",Male,Non-Saudi,"218,070"
Madinah,"2,022",Male,Saudi,"672,749"
Al-Jouf,"2,020",Male,Non-Saudi,"124,328"
Riyadh,"2,020",Female,Non-Saudi,"1,052,826"
Madinah,"2,020",Male,Saudi,"644,698"
Riyadh,"2,015",Male,Saudi,"1,903,165"
Riyadh,"2,020",Male,Saudi,"2,144,437"
Qaseem,"2,020",Female,Saudi,"444,914"
Northern Region,"2,017",Female,Saudi,"121,315"
Northern Region,"2,017",Female,Non-Saudi,"21,979"
Qaseem,"2,020",Female,Non-Saudi,"83,533"
Aseer,"2,015",Female,Saudi,"617,900"
Riyadh,"2,015",Female,Saudi,"1,862,723"
Northern Region,"2,017",Male,Non-Saudi,"79,659"
Al-Baha,"2,020",Female,Non-Saudi,"17,817"
Jazan,"2,015",Female,Saudi,"426,901"
Tabouk,"2,017",Male,Non-Saudi,"204,779"
Jazan,"2,015",Male,Non-Saudi,"319,148"
Tabouk,"2,020",Male,Saudi,"308,645"
Madinah,"2,015",Female,Non-Saudi,"201,428"
Makkah,"2,017",Female,Saudi,"1,838,533"
Al-Jouf,"2,020",Female,Non-Saudi,"31,070"
Hail,"2,017",Female,Non-Saudi,"39,437"
Jazan,"2,013",Female,Saudi,"403,310"
Najran,"2,010",Male,Non-Saudi,"91,283"
Najran,"2,022",Female,Non-Saudi,"45,059"
Al-Baha,"2,022",Male,Non-Saudi,"71,375"
Hail,"2,011",Male,Non-Saudi,"114,620"
Najran,"2,018",Female,Saudi,"181,060"
Eastern Region,"2,016",Female,Saudi,"1,256,995"
Jazan,"2,014",Male,Non-Saudi,"290,529"
Aseer,"2,022",Female,Saudi,"728,200"
Riyadh,"2,011",Female,Non-Saudi,"827,255"
Tabouk,"2,010",Male,Non-Saudi,"119,759"
Al-Baha,"2,022",Female,Saudi,"128,405"
Tabouk,"2,012",Female,Non-Saudi,"36,931"
Riyadh,"2,016",Male,Non-Saudi,"3,406,281"
Riyadh,"2,016",Female,Saudi,"1,909,357"
Aseer,"2,011",Female,Saudi,"555,911"
Najran,"2,012",Male,Saudi,"157,421"
Najran,"2,021",Female,Saudi,"193,396"
Tabouk,"2,019",Female,Non-Saudi,"39,840"
Northern Region,"2,013",Male,Non-Saudi,"66,125"
Najran,"2,013",Female,Non-Saudi,"36,829"
Makkah,"2,013",Male,Saudi,"1,656,215"
Eastern Region,"2,014",Female,Saudi,"1,192,754"
Eastern Region,"2,014",Female,Non-Saudi,"380,508"
Qaseem,"2,010",Female,Saudi,"347,561"
Riyadh,"2,014",Male,Saudi,"1,850,887"
Madinah,"2,011",Male,Non-Saudi,"465,548"
Al-Baha,"2,018",Female,Saudi,"116,010"
Qaseem,"2,010",Male,Saudi,"347,002"
Makkah,"2,017",Male,Non-Saudi,"3,149,081"
Eastern Region,"2,011",Female,Saudi,"1,101,214"
Makkah,"2,015",Male,Non-Saudi,"3,113,295"
Makkah,"2,010",Female,Saudi,"1,535,534"
Hail,"2,012",Female,Saudi,"206,313"
Najran,"2,010",Female,Non-Saudi,"31,040"
Aseer,"2,011",Male,Saudi,"552,283"
Al-Baha,"2,022",Female,Non-Saudi,"16,511"
Northern Region,"2,021",Female,Saudi,"132,401"
Najran,"2,011",Female,Non-Saudi,"32,654"
Jazan,"2,013",Female,Non-Saudi,"101,783"
Al-Jouf,"2,021",Male,Saudi,"216,252"
Qaseem,"2,010",Female,Non-Saudi,"71,249"
Tabouk,"2,021",Male,Non-Saudi,"185,185"
Northern Region,"2,015",Male,Non-Saudi,"75,733"
Al-Baha,"2,011",Female,Non-Saudi,"16,521"
Makkah,"2,010",Male,Non-Saudi,"2,196,122"
Aseer,"2,018",Female,Saudi,"661,721"
Najran,"2,019",Female,Non-Saudi,"40,726"
Al-Baha,"2,021",Male,Non-Saudi,"66,075"
Najran,"2,011",Male,Non-Saudi,"102,120"
Tabouk,"2,016",Male,Saudi,"282,196"
Jazan,"2,022",Male,Non-Saudi,"301,686"
Hail,"2,021",Male,Saudi,"259,504"
Makkah,"2,013",Female,Non-Saudi,"1,155,014"
Makkah,"2,016",Male,Non-Saudi,"3,279,865"
Najran,"2,022",Female,Saudi,"197,308"
Madinah,"2,019",Male,Non-Saudi,"564,196"
Aseer,"2,013",Female,Non-Saudi,"92,810"
Aseer,"2,017",Female,Non-Saudi,"100,683"
Hail,"2,017",Male,Non-Saudi,"176,191"
Aseer,"2,013",Male,Non-Saudi,"409,937"
Madinah,"2,012",Female,Saudi,"532,216"
Najran,"2,013",Male,Non-Saudi,"125,778"
Qaseem,"2,017",Female,Non-Saudi,"84,205"
Najran,"2,016",Female,Non-Saudi,"42,172"
Jazan,"2,021",Male,Saudi,"488,180"
Tabouk,"2,013",Male,Non-Saudi,"166,450"
Aseer,"2,018",Female,Non-Saudi,"93,991"
Madinah,"2,011",Male,Saudi,"517,557"
Najran,"2,015",Male,Saudi,"170,333"
Najran,"2,020",Male,Saudi,"190,039"
Madinah,"2,021",Female,Non-Saudi,"178,266"
Tabouk,"2,019",Male,Non-Saudi,"184,034"
Tabouk,"2,020",Female,Saudi,"303,140"
Qaseem,"2,016",Male,Saudi,"402,308"
Madinah,"2,012",Male,Non-Saudi,"505,254"
Jazan,"2,016",Male,Saudi,"435,600"
Al-Baha,"2,019",Female,Non-Saudi,"16,230"
Al-Jouf,"2,016",Male,Non-Saudi,"134,730"
Al-Jouf,"2,011",Female,Non-Saudi,"22,938"
Al-Jouf,"2,012",Male,Non-Saudi,"100,442"
Northern Region,"2,022",Male,Saudi,"136,267"
Eastern Region,"2,012",Female,Saudi,"1,127,648"
Al-Baha,"2,012",Male,Saudi,"96,365"
Eastern Region,"2,013",Male,Saudi,"1,204,401"
Eastern Region,"2,016",Female,Non-Saudi,"408,900"
Riyadh,"2,018",Male,Non-Saudi,"3,032,784"
Jazan,"2,022",Male,Saudi,"498,893"
Aseer,"2,014",Male,Saudi,"596,354"
Northern Region,"2,012",Female,Saudi,"107,497"
Makkah,"2,011",Male,Non-Saudi,"2,401,646"
Riyadh,"2,018",Female,Saudi,"1,996,692"
Madinah,"2,011",Female,Non-Saudi,"186,145"
Hail,"2,021",Female,Saudi,"257,139"
Madinah,"2,022",Female,Non-Saudi,"180,469"
Northern Region,"2,022",Female,Saudi,"135,091"
Madinah,"2,019",Female,Non-Saudi,"179,006"
Makkah,"2,020",Male,Non-Saudi,"2,862,658"
Al-Baha,"2,016",Male,Non-Saudi,"85,946"
Al-Baha,"2,017",Male,Saudi,"109,065"
Najran,"2,011",Male,Saudi,"154,018"
Eastern Region,"2,013",Male,Non-Saudi,"1,524,634"
Al-Jouf,"2,012",Male,Saudi,"177,107"
Al-Baha,"2,017",Male,Non-Saudi,"82,134"
Al-Baha,"2,011",Female,Saudi,"96,899"
Qaseem,"2,011",Female,Non-Saudi,"73,064"
Makkah,"2,018",Female,Saudi,"1,882,931"
Eastern Region,"2,018",Female,Saudi,"1,314,470"
Jazan,"2,011",Female,Saudi,"383,658"
Hail,"2,011",Male,Saudi,"203,902"
Jazan,"2,011",Male,Non-Saudi,"239,968"
Riyadh,"2,017",Male,Non-Saudi,"3,310,906"
Al-Jouf,"2,017",Male,Non-Saudi,"131,154"
Al-Baha,"2,019",Female,Saudi,"119,001"
Jazan,"2,016",Male,Non-Saudi,"338,452"
Al-Jouf,"2,016",Female,Saudi,"194,629"
Aseer,"2,016",Female,Saudi,"633,035"
Al-Jouf,"2,010",Female,Non-Saudi,"21,919"
Northern Region,"2,020",Male,Non-Saudi,"76,801"
Riyadh,"2,021",Male,Saudi,"2,192,321"
Northern Region,"2,019",Male,Non-Saudi,"70,898"
Jazan,"2,013",Male,Saudi,"402,666"
Eastern Region,"2,011",Male,Saudi,"1,143,956"
Riyadh,"2,011",Male,Saudi,"1,704,831"
Northern Region,"2,011",Male,Non-Saudi,"53,994"
Qaseem,"2,013",Female,Saudi,"373,193"
Jazan,"2,020",Male,Non-Saudi,"303,558"
Hail,"2,020",Male,Saudi,"254,097"
Tabouk,"2,018",Male,Non-Saudi,"189,875"
Aseer,"2,019",Female,Non-Saudi,"90,837"
Northern Region,"2,011",Female,Saudi,"105,154"
Hail,"2,012",Male,Non-Saudi,"126,617"
Northern Region,"2,013",Female,Saudi,"110,175"
Al-Jouf,"2,022",Female,Non-Saudi,"30,230"
Qaseem,"2,017",Female,Saudi,"413,455"
Hail,"2,021",Female,Non-Saudi,"38,660"
Jazan,"2,020",Female,Non-Saudi,"107,309"
Eastern Region,"2,017",Female,Non-Saudi,"416,253"
Aseer,"2,022",Male,Saudi,"716,488"
Najran,"2,016",Female,Saudi,"173,674"
Eastern Region,"2,021",Female,Non-Saudi,"397,085"
Makkah,"2,017",Female,Non-Saudi,"1,196,162"
Makkah,"2,013",Male,Non-Saudi,"2,827,707"
Al-Baha,"2,013",Male,Saudi,"98,881"
Madinah,"2,022",Male,Non-Saudi,"605,368"
Northern Region,"2,018",Female,Non-Saudi,"21,155"
Qaseem,"2,010",Male,Non-Saudi,"268,943"
Madinah,"2,020",Female,Saudi,"650,123"
Aseer,"2,010",Male,Non-Saudi,"300,239"
Northern Region,"2,015",Female,Non-Saudi,"19,954"
Al-Jouf,"2,019",Male,Non-Saudi,"115,416"
Riyadh,"2,015",Male,Non-Saudi,"3,194,046"
Hail,"2,015",Male,Saudi,"226,447"
Qaseem,"2,020",Male,Saudi,"441,421"
Hail,"2,018",Female,Non-Saudi,"37,410"
Al-Jouf,"2,019",Male,Saudi,"207,354"
Jazan,"2,017",Male,Non-Saudi,"327,137"
Makkah,"2,011",Male,Saudi,"1,573,573"
Hail,"2,019",Female,Saudi,"245,264"
Northern Region,"2,016",Female,Saudi,"118,914"
Tabouk,"2,012",Female,Saudi,"250,276"
Eastern Region,"2,013",Female,Non-Saudi,"369,982"
Qaseem,"2,021",Male,Non-Saudi,"306,081"
Aseer,"2,016",Male,Non-Saudi,"504,117"
Al-Jouf,"2,011",Female,Saudi,"172,724"
Eastern Region,"2,011",Female,Non-Saudi,"336,571"
Tabouk,"2,016",Male,Non-Saudi,"208,084"
Najran,"2,020",Female,Saudi,"189,598"
Qaseem,"2,012",Female,Saudi,"363,544"
Riyadh,"2,012",Female,Saudi,"1,711,976"
Aseer,"2,016",Female,Non-Saudi,"99,789"
Makkah,"2,016",Female,Saudi,"1,798,091"
Najran,"2,010",Male,Saudi,"151,112"
Eastern Region,"2,019",Female,Saudi,"1,346,677"
Tabouk,"2,022",Female,Saudi,"315,897"
Aseer,"2,010",Female,Saudi,"544,163"
Eastern Region,"2,018",Male,Saudi,"1,366,995"
Jazan,"2,019",Male,Non-Saudi,"283,798"
Al-Jouf,"2,022",Female,Saudi,"219,905"
Tabouk,"2,021",Male,Saudi,"315,045"
Northern Region,"2,011",Female,Non-Saudi,"15,287"
Hail,"2,019",Male,Non-Saudi,"158,747"
Eastern Region,"2,021",Female,Saudi,"1,413,447"
Hail,"2,011",Female,Saudi,"201,625"
Riyadh,"2,017",Female,Non-Saudi,"1,024,901"
Tabouk,"2,013",Male,Saudi,"261,129"
Madinah,"2,022",Female,Saudi,"679,397"
Najran,"2,012",Female,Non-Saudi,"34,155"
Al-Jouf,"2,017",Female,Saudi,"198,447"
Riyadh,"2,013",Male,Non-Saudi,"2,831,733"
Riyadh,"2,013",Male,Saudi,"1,794,724"
Northern Region,"2,014",Male,Saudi,"114,609"
Northern Region,"2,022",Female,Non-Saudi,"23,954"
Aseer,"2,017",Female,Saudi,"646,707"
Jazan,"2,011",Male,Saudi,"383,516"
Tabouk,"2,010",Male,Saudi,"244,052"
Najran,"2,020",Male,Non-Saudi,"148,729"
Northern Region,"2,019",Male,Saudi,"127,864"
Al-Jouf,"2,019",Female,Saudi,"206,987"
Hail,"2,020",Female,Saudi,"251,585"
Al-Baha,"2,012",Female,Saudi,"99,234"
Riyadh,"2,019",Male,Non-Saudi,"2,904,720"
Najran,"2,014",Male,Non-Saudi,"129,767"
Northern Region,"2,012",Female,Non-Saudi,"16,230"
Madinah,"2,017",Male,Saudi,"599,638"
Al-Jouf,"2,021",Female,Non-Saudi,"29,056"
Aseer,"2,021",Male,Non-Saudi,"437,661"
Hail,"2,016",Female,Non-Saudi,"38,463"
Eastern Region,"2,019",Male,Saudi,"1,401,278"
Makkah,"2,012",Female,Saudi,"1,608,752"
Aseer,"2,013",Male,Saudi,"579,440"
Jazan,"2,013",Male,Non-Saudi,"286,136"
Jazan,"2,014",Male,Saudi,"414,604"
Riyadh,"2,019",Female,Saudi,"2,046,070"
Aseer,"2,018",Male,Saudi,"652,700"
Northern Region,"2,012",Male,Saudi,"108,664"
Riyadh,"2,018",Male,Saudi,"2,035,530"
Al-Jouf,"2,016",Female,Non-Saudi,"28,944"
Hail,"2,018",Male,Saudi,"241,617"
Al-Baha,"2,021",Female,Saudi,"125,345"
Tabouk,"2,020",Male,Non-Saudi,"200,296"
Jazan,"2,021",Female,Saudi,"492,571"
Aseer,"2,012",Female,Non-Saudi,"87,999"
Qaseem,"2,019",Male,Non-Saudi,"321,411"
Eastern Region,"2,012",Male,Non-Saudi,"1,368,869"
Eastern Region,"2,020",Male,Non-Saudi,"1,739,871"
Makkah,"2,019",Male,Saudi,"1,927,746"
Madinah,"2,021",Male,Non-Saudi,"551,861"
Northern Region,"2,013",Female,Non-Saudi,"17,746"
Riyadh,"2,019",Male,Saudi,"2,086,662"
Tabouk,"2,014",Male,Non-Saudi,"172,196"
Madinah,"2,016",Female,Non-Saudi,"203,853"
Jazan,"2,015",Female,Non-Saudi,"106,027"
Hail,"2,015",Female,Non-Saudi,"36,952"
Aseer,"2,020",Male,Non-Saudi,"475,609"
Madinah,"2,020",Female,Non-Saudi,"195,897"
Qaseem,"2,020",Male,Non-Saudi,"340,300"
Al-Jouf,"2,019",Female,Non-Saudi,"27,622"
Qaseem,"2,016",Male,Non-Saudi,"394,872"
Madinah,"2,021",Female,Saudi,"664,660"
Eastern Region,"2,022",Male,Non-Saudi,"1,764,820"
Northern Region,"2,016",Male,Non-Saudi,"81,361"
Hail,"2,018",Male,Non-Saudi,"163,576"
Jazan,"2,019",Female,Saudi,"468,778"
Al-Jouf,"2,012",Female,Saudi,"176,392"
Northern Region,"2,019",Female,Saudi,"126,707"
Makkah,"2,020",Female,Non-Saudi,"1,153,302"
Al-Jouf,"2,021",Female,Saudi,"215,787"
Makkah,"2,018",Male,Non-Saudi,"2,849,054"
Qaseem,"2,011",Male,Non-Saudi,"293,324"
Qaseem,"2,022",Male,Non-Saudi,"331,195"
Jazan,"2,012",Male,Saudi,"392,305"
Eastern Region,"2,013",Female,Saudi,"1,157,930"
Al-Baha,"2,022",Male,Saudi,"122,883"
Eastern Region,"2,020",Female,Non-Saudi,"427,263"
Tabouk,"2,016",Female,Saudi,"277,342"
Jazan,"2,021",Female,Non-Saudi,"98,468"
Makkah,"2,022",Male,Non-Saudi,"2,805,048"
Hail,"2,013",Male,Saudi,"214,109"
Tabouk,"2,014",Male,Saudi,"268,809"
Al-Jouf,"2,014",Female,Saudi,"185,605"
Hail,"2,018",Female,Saudi,"239,508"
Madinah,"2,013",Female,Non-Saudi,"196,321"
Northern Region,"2,021",Male,Non-Saudi,"70,681"
Al-Jouf,"2,018",Male,Saudi,"202,935"
Madinah,"2,018",Male,Non-Saudi,"590,568"
Al-Baha,"2,015",Female,Saudi,"108,025"
Al-Jouf,"2,015",Female,Non-Saudi,"27,810"
Hail,"2,014",Male,Saudi,"220,505"
Northern Region,"2,010",Female,Saudi,"103,078"
Al-Jouf,"2,013",Female,Saudi,"180,666"
Riyadh,"2,010",Female,Non-Saudi,"796,782"
Jazan,"2,011",Female,Non-Saudi,"95,100"
Al-Jouf,"2,017",Female,Non-Saudi,"29,670"
Al-Baha,"2,015",Female,Non-Saudi,"18,064"
Tabouk,"2,018",Female,Non-Saudi,"40,972"
Madinah,"2,011",Female,Saudi,"519,999"
Northern Region,"2,014",Female,Saudi,"113,247"
Al-Jouf,"2,014",Male,Non-Saudi,"114,009"
Riyadh,"2,011",Female,Saudi,"1,671,318"
Eastern Region,"2,010",Female,Saudi,"1,077,728"
Eastern Region,"2,021",Male,Non-Saudi,"1,597,497"
Riyadh,"2,022",Male,Saudi,"2,242,045"
Hail,"2,011",Female,Non-Saudi,"30,448"
Madinah,"2,014",Female,Non-Saudi,"197,755"
Madinah,"2,017",Female,Non-Saudi,"203,242"
Al-Jouf,"2,012",Female,Non-Saudi,"23,877"
Qaseem,"2,018",Female,Non-Saudi,"78,408"
Al-Jouf,"2,017",Male,Saudi,"198,781"
Jazan,"2,012",Female,Saudi,"392,808"
Qaseem,"2,019",Female,Non-Saudi,"75,593"
Hail,"2,022",Male,Saudi,"265,107"
Najran,"2,014",Female,Saudi,"165,373"
Najran,"2,021",Male,Non-Saudi,"137,194"
Hail,"2,013",Male,Non-Saudi,"142,421"
Qaseem,"2,012",Female,Non-Saudi,"74,544"
Northern Region,"2,022",Male,Non-Saudi,"78,265"
Makkah,"2,013",Female,Saudi,"1,653,242"
Makkah,"2,020",Female,Saudi,"1,984,600"
Al-Baha,"2,021",Male,Saudi,"120,156"
Al-Jouf,"2,022",Male,Non-Saudi,"125,328"
Makkah,"2,021",Female,Non-Saudi,"1,049,612"
Makkah,"2,021",Male,Non-Saudi,"2,583,425"
Hail,"2,014",Female,Non-Saudi,"35,266"
Al-Jouf,"2,010",Male,Non-Saudi,"83,154"
Hail,"2,014",Female,Saudi,"217,924"
Al-Baha,"2,018",Male,Saudi,"111,589"
Eastern Region,"2,010",Male,Saudi,"1,120,586"
Makkah,"2,021",Female,Saudi,"2,032,042"
Tabouk,"2,021",Female,Non-Saudi,"41,163"
Tabouk,"2,015",Male,Non-Saudi,"192,670"
Tabouk,"2,015",Male,Saudi,"275,939"
Al-Jouf,"2,013",Female,Non-Saudi,"25,616"
Eastern Region,"2,014",Male,Non-Saudi,"1,564,484"
Qaseem,"2,012",Male,Non-Saudi,"314,519"
Najran,"2,011",Female,Saudi,"153,469"
Aseer,"2,019",Male,Non-Saudi,"439,113"
Hail,"2,019",Female,Non-Saudi,"36,734"
Tabouk,"2,019",Male,Saudi,"300,852"
Aseer,"2,017",Male,Non-Saudi,"493,527"
Hail,"2,019",Male,Saudi,"247,491"
Hail,"2,012",Female,Non-Saudi,"31,707"
Jazan,"2,019",Male,Saudi,"465,289"
Al-Jouf,"2,014",Male,Saudi,"186,470"
Al-Baha,"2,014",Male,Saudi,"101,794"
Al-Baha,"2,021",Female,Non-Saudi,"16,257"
Najran,"2,015",Male,Non-Saudi,"144,817"
Makkah,"2,015",Male,Saudi,"1,756,374"
Al-Baha,"2,015",Male,Saudi,"104,524"
Madinah,"2,021",Male,Saudi,"658,453"
Tabouk,"2,020",Female,Non-Saudi,"44,416"
Makkah,"2,015",Female,Saudi,"1,753,158"